id,category,text,audio,status,note
golden_daily_0001,golden_anchor,如果你愿意的话，我们等一下再一起确认一次。,distillation/taiwan_mandarin_low_r/teacher_cosy_clear_best2_golden_daily_500_v1/audio/golden_daily_0001.wav,,
golden_daily_0002,daily,欸我刚到楼下，你不用急，慢慢来就好，我在这边等你。,distillation/taiwan_mandarin_low_r/teacher_cosy_clear_best2_golden_daily_500_v1/audio/golden_daily_0002.wav,,
golden_daily_0003,daily,你要喝什么？我等一下顺路买，珍奶半糖少冰可以吗？,distillation/taiwan_mandarin_low_r/teacher_cosy_clear_best2_golden_daily_500_v1/audio/golden_daily_0003.wav,,
golden_daily_0004,daily,今天有点累欸，我们晚餐简单吃就好，不要跑太远。,distillation/taiwan_mandarin_low_r/teacher_cosy_clear_best2_golden_daily_500_v1/audio/golden_daily_0004.wav,,
golden_daily_0005,daily,我刚刚在开会没有看到讯息，不是故意不回你啦。,distillation/taiwan_mandarin_low_r/teacher_cosy_clear_best2_golden_daily_500_v1/audio/golden_daily_0005.wav,,
golden_daily_0006,soft,没关系，你慢慢说，我有在听，想到哪里就先讲哪里。,distillation/taiwan_mandarin_low_r/teacher_cosy_clear_best2_golden_daily_500_v1/audio/golden_daily_0006.wav,,
golden_daily_0007,soft,我不是要你马上回答，只是想知道你心里真正的感觉。,distillation/taiwan_mandarin_low_r/teacher_cosy_clear_best2_golden_daily_500_v1/audio/golden_daily_0007.wav,,
golden_daily_0008,voice,卷舌不用太明显，尾音自然一点，像台湾女生平常聊天就好。,distillation/taiwan_mandarin_low_r/teacher_cosy_clear_best2_golden_daily_500_v1/audio/golden_daily_0008.wav,,
golden_daily_0009,voice,我想要的不是主播腔，也不是娃娃音，是温柔、聪明、真实的声音。,distillation/taiwan_mandarin_low_r/teacher_cosy_clear_best2_golden_daily_500_v1/audio/golden_daily_0009.wav,,
golden_daily_0010,voice,这句如果听起来舒服，后面做成手机模型才有意义。,distillation/taiwan_mandarin_low_r/teacher_cosy_clear_best2_golden_daily_500_v1/audio/golden_daily_0010.wav,,
golden_daily_0011,daily,今天先简单一点就好，晚餐我们吃简单一点，如果不舒服，我们就先停一下。,distillation/taiwan_mandarin_low_r/teacher_cosy_clear_best2_golden_daily_500_v1/audio/golden_daily_0011.wav,,
golden_daily_0012,daily,我先把东西放好，这句话可以再讲清楚一点，我只是希望你轻松一点。,distillation/taiwan_mandarin_low_r/teacher_cosy_clear_best2_golden_daily_500_v1/audio/golden_daily_0012.wav,,
golden_daily_0013,daily,你慢慢说，讲话清楚但不要太用力，这样手机上应该会比较稳。,distillation/taiwan_mandarin_low_r/teacher_cosy_clear_best2_golden_daily_500_v1/audio/golden_daily_0013.wav,,
golden_daily_0014,voice,我们晚一点再说，我们先确认最重要的那件事，我觉得这个声音会比较耐听。,distillation/taiwan_mandarin_low_r/teacher_cosy_clear_best2_golden_daily_500_v1/audio/golden_daily_0014.wav,,
golden_daily_0015,daily,我刚刚在开会，你如果累了就先休息，不要急，我们慢慢来。,distillation/taiwan_mandarin_low_r/teacher_cosy_clear_best2_golden_daily_500_v1/audio/golden_daily_0015.wav,,
golden_daily_0016,daily,你先不用急，不用马上回我，我只是希望你轻松一点。,distillation/taiwan_mandarin_low_r/teacher_cosy_clear_best2_golden_daily_500_v1/audio/golden_daily_0016.wav,,
golden_daily_0017,daily,你先喝一点水，讲话清楚但不要太用力，我们先做到自然，再来追求更像。,distillation/taiwan_mandarin_low_r/teacher_cosy_clear_best2_golden_daily_500_v1/audio/golden_daily_0017.wav,,
golden_daily_0018,daily,我想了一下，饮料我帮你买半糖少冰，听起来会比较真实一点。,distillation/taiwan_mandarin_low_r/teacher_cosy_clear_best2_golden_daily_500_v1/audio/golden_daily_0018.wav,,
golden_daily_0019,daily,没关系啦，讲话清楚但不要太用力，我只是希望你轻松一点。,distillation/taiwan_mandarin_low_r/teacher_cosy_clear_best2_golden_daily_500_v1/audio/golden_daily_0019.wav,,
golden_daily_0020,daily,你先不用急，不要为了讨好别人委屈自己，不要急，我们慢慢来。,distillation/taiwan_mandarin_low_r/teacher_cosy_clear_best2_golden_daily_500_v1/audio/golden_daily_0020.wav,,
golden_daily_0021,daily,我觉得这样也可以，你刚刚说的我有听到，听起来会比较真实一点。,distillation/taiwan_mandarin_low_r/teacher_cosy_clear_best2_golden_daily_500_v1/audio/golden_daily_0021.wav,,
golden_daily_0022,daily,这件事我们不要想太复杂，这件事没有你想的那么糟，这样比较像我们平常说话。,distillation/taiwan_mandarin_low_r/teacher_cosy_clear_best2_golden_daily_500_v1/audio/golden_daily_0022.wav,,
golden_daily_0023,daily,等一下我们再确认一次，先把心情放松一点，不用太甜，温柔一点就好。,distillation/taiwan_mandarin_low_r/teacher_cosy_clear_best2_golden_daily_500_v1/audio/golden_daily_0023.wav,,
golden_daily_0024,daily,我不是在催你，不要一个人硬撑，我觉得这样就满好了。,distillation/taiwan_mandarin_low_r/teacher_cosy_clear_best2_golden_daily_500_v1/audio/golden_daily_0024.wav,,
golden_daily_0025,daily,等一下我们再确认一次，先不要急着证明自己，我在，不用担心。,distillation/taiwan_mandarin_low_r/teacher_cosy_clear_best2_golden_daily_500_v1/audio/golden_daily_0025.wav,,
golden_daily_0026,daily,没关系啦，不用马上回我，我在，不用担心。,distillation/taiwan_mandarin_low_r/teacher_cosy_clear_best2_golden_daily_500_v1/audio/golden_daily_0026.wav,,
golden_daily_0027,voice,你这样讲我懂，尾音软一点就很好听，我觉得这个声音会比较耐听。,distillation/taiwan_mandarin_low_r/teacher_cosy_clear_best2_golden_daily_500_v1/audio/golden_daily_0027.wav,,
golden_daily_0028,voice,我刚刚有看到讯息，卷舌不用太明显，如果不舒服，我们就先停一下。,distillation/taiwan_mandarin_low_r/teacher_cosy_clear_best2_golden_daily_500_v1/audio/golden_daily_0028.wav,,
golden_daily_0029,daily,今天先简单一点就好，这件事没有你想的那么糟，我们先做到自然，再来追求更像。,distillation/taiwan_mandarin_low_r/teacher_cosy_clear_best2_golden_daily_500_v1/audio/golden_daily_0029.wav,,
golden_daily_0030,daily,你先不用急，我会陪你一起看，我们先做到自然，再来追求更像。,distillation/taiwan_mandarin_low_r/teacher_cosy_clear_best2_golden_daily_500_v1/audio/golden_daily_0030.wav,,
golden_daily_0031,daily,你先不用急，我觉得你已经做得很好了，听起来会比较真实一点。,distillation/taiwan_mandarin_low_r/teacher_cosy_clear_best2_golden_daily_500_v1/audio/golden_daily_0031.wav,,
golden_daily_0032,daily,我想了一下，不要为了讨好别人委屈自己，你想清楚以后再决定也可以。,distillation/taiwan_mandarin_low_r/teacher_cosy_clear_best2_golden_daily_500_v1/audio/golden_daily_0032.wav,,
golden_daily_0033,daily,我先把东西放好，先不要急着证明自己，这样手机上应该会比较稳。,distillation/taiwan_mandarin_low_r/teacher_cosy_clear_best2_golden_daily_500_v1/audio/golden_daily_0033.wav,,
golden_daily_0034,daily,我先把东西放好，你慢慢来就好，不要急，我们慢慢来。,distillation/taiwan_mandarin_low_r/teacher_cosy_clear_best2_golden_daily_500_v1/audio/golden_daily_0034.wav,,
golden_daily_0035,daily,你先不用急，不要为了讨好别人委屈自己，这样手机上应该会比较稳。,distillation/taiwan_mandarin_low_r/teacher_cosy_clear_best2_golden_daily_500_v1/audio/golden_daily_0035.wav,,
golden_daily_0036,daily,这件事我们不要想太复杂，我会陪你一起看，我觉得这样就满好了。,distillation/taiwan_mandarin_low_r/teacher_cosy_clear_best2_golden_daily_500_v1/audio/golden_daily_0036.wav,,
golden_daily_0037,voice,你等我一下，声音放轻一点会比较自然，你想清楚以后再决定也可以。,distillation/taiwan_mandarin_low_r/teacher_cosy_clear_best2_golden_daily_500_v1/audio/golden_daily_0037.wav,,
golden_daily_0038,daily,你慢慢说，不要为了讨好别人委屈自己，听起来会比较真实一点。,distillation/taiwan_mandarin_low_r/teacher_cosy_clear_best2_golden_daily_500_v1/audio/golden_daily_0038.wav,,
golden_daily_0039,daily,没关系啦，你如果累了就先休息，你可以先跟我说没关系。,distillation/taiwan_mandarin_low_r/teacher_cosy_clear_best2_golden_daily_500_v1/audio/golden_daily_0039.wav,,
golden_daily_0040,daily,欸，我刚到楼下，不用马上回我，我不会觉得你很麻烦。,distillation/taiwan_mandarin_low_r/teacher_cosy_clear_best2_golden_daily_500_v1/audio/golden_daily_0040.wav,,
golden_daily_0041,daily,我们晚一点再说，先不要急着证明自己，我只是希望你轻松一点。,distillation/taiwan_mandarin_low_r/teacher_cosy_clear_best2_golden_daily_500_v1/audio/golden_daily_0041.wav,,
golden_daily_0042,daily,欸，我刚到楼下，这句话可以再讲清楚一点，我觉得这样就满好了。,distillation/taiwan_mandarin_low_r/teacher_cosy_clear_best2_golden_daily_500_v1/audio/golden_daily_0042.wav,,
golden_daily_0043,daily,我们晚一点再说，我会陪你一起看，你想清楚以后再决定也可以。,distillation/taiwan_mandarin_low_r/teacher_cosy_clear_best2_golden_daily_500_v1/audio/golden_daily_0043.wav,,
golden_daily_0044,daily,等一下我们再确认一次，讲话清楚但不要太用力，我只是希望你轻松一点。,distillation/taiwan_mandarin_low_r/teacher_cosy_clear_best2_golden_daily_500_v1/audio/golden_daily_0044.wav,,
golden_daily_0045,daily,我刚刚有看到讯息，像平常聊天那样就好，听起来会比较真实一点。,distillation/taiwan_mandarin_low_r/teacher_cosy_clear_best2_golden_daily_500_v1/audio/golden_daily_0045.wav,,
golden_daily_0046,daily,等一下我们再确认一次，我想听你真实的想法，我们先做到自然，再来追求更像。,distillation/taiwan_mandarin_low_r/teacher_cosy_clear_best2_golden_daily_500_v1/audio/golden_daily_0046.wav,,
golden_daily_0047,daily,你等我一下，晚餐我们吃简单一点，这样手机上应该会比较稳。,distillation/taiwan_mandarin_low_r/teacher_cosy_clear_best2_golden_daily_500_v1/audio/golden_daily_0047.wav,,
golden_daily_0048,daily,今天外面有点热，不要一个人硬撑，不要急，我们慢慢来。,distillation/taiwan_mandarin_low_r/teacher_cosy_clear_best2_golden_daily_500_v1/audio/golden_daily_0048.wav,,
golden_daily_0049,daily,如果你愿意的话，我在这边等你，我只是希望你轻松一点。,distillation/taiwan_mandarin_low_r/teacher_cosy_clear_best2_golden_daily_500_v1/audio/golden_daily_0049.wav,,
golden_daily_0050,daily,没关系啦，不要一个人硬撑，我不会觉得你很麻烦。,distillation/taiwan_mandarin_low_r/teacher_cosy_clear_best2_golden_daily_500_v1/audio/golden_daily_0050.wav,,
golden_daily_0051,daily,我刚刚有看到讯息，先不要急着证明自己，听起来会比较真实一点。,distillation/taiwan_mandarin_low_r/teacher_cosy_clear_best2_golden_daily_500_v1/audio/golden_daily_0051.wav,,
golden_daily_0052,daily,我刚刚有看到讯息，晚餐我们吃简单一点，你可以先跟我说没关系。,distillation/taiwan_mandarin_low_r/teacher_cosy_clear_best2_golden_daily_500_v1/audio/golden_daily_0052.wav,,
golden_daily_0053,daily,如果你愿意的话，我会陪你一起看，我觉得这样就满好了。,distillation/taiwan_mandarin_low_r/teacher_cosy_clear_best2_golden_daily_500_v1/audio/golden_daily_0053.wav,,
golden_daily_0054,daily,我们晚一点再说，像平常聊天那样就好，听起来会比较真实一点。,distillation/taiwan_mandarin_low_r/teacher_cosy_clear_best2_golden_daily_500_v1/audio/golden_daily_0054.wav,,
golden_daily_0055,daily,没关系啦，我会陪你一起看，如果不舒服，我们就先停一下。,distillation/taiwan_mandarin_low_r/teacher_cosy_clear_best2_golden_daily_500_v1/audio/golden_daily_0055.wav,,
golden_daily_0056,daily,我刚刚有看到讯息，不要为了讨好别人委屈自己，我们先做到自然，再来追求更像。,distillation/taiwan_mandarin_low_r/teacher_cosy_clear_best2_golden_daily_500_v1/audio/golden_daily_0056.wav,,
golden_daily_0057,daily,今天外面有点热，先不要急着证明自己，我们先做到自然，再来追求更像。,distillation/taiwan_mandarin_low_r/teacher_cosy_clear_best2_golden_daily_500_v1/audio/golden_daily_0057.wav,,
golden_daily_0058,daily,我们晚一点再说，像平常聊天那样就好，我不会觉得你很麻烦。,distillation/taiwan_mandarin_low_r/teacher_cosy_clear_best2_golden_daily_500_v1/audio/golden_daily_0058.wav,,
golden_daily_0059,daily,欸，我刚到楼下，饮料我帮你买半糖少冰，这样手机上应该会比较稳。,distillation/taiwan_mandarin_low_r/teacher_cosy_clear_best2_golden_daily_500_v1/audio/golden_daily_0059.wav,,
golden_daily_0060,daily,今天先简单一点就好，晚餐我们吃简单一点，我在，不用担心。,distillation/taiwan_mandarin_low_r/teacher_cosy_clear_best2_golden_daily_500_v1/audio/golden_daily_0060.wav,,
golden_daily_0061,daily,你等我一下，我们一步一步来，等一下再一起确认一次。,distillation/taiwan_mandarin_low_r/teacher_cosy_clear_best2_golden_daily_500_v1/audio/golden_daily_0061.wav,,
golden_daily_0062,voice,我觉得这样也可以，你刚刚说的我有听到，我觉得这个声音会比较耐听。,distillation/taiwan_mandarin_low_r/teacher_cosy_clear_best2_golden_daily_500_v1/audio/golden_daily_0062.wav,,
golden_daily_0063,daily,我先把东西放好，这句话可以再讲清楚一点，这样比较像我们平常说话。,distillation/taiwan_mandarin_low_r/teacher_cosy_clear_best2_golden_daily_500_v1/audio/golden_daily_0063.wav,,
golden_daily_0064,daily,我先把东西放好，我想听你真实的想法，我在，不用担心。,distillation/taiwan_mandarin_low_r/teacher_cosy_clear_best2_golden_daily_500_v1/audio/golden_daily_0064.wav,,
golden_daily_0065,daily,今天先简单一点就好，讲话清楚但不要太用力，我只是希望你轻松一点。,distillation/taiwan_mandarin_low_r/teacher_cosy_clear_best2_golden_daily_500_v1/audio/golden_daily_0065.wav,,
golden_daily_0066,voice,今天外面有点热，尾音软一点就很好听，听起来会比较真实一点。,distillation/taiwan_mandarin_low_r/teacher_cosy_clear_best2_golden_daily_500_v1/audio/golden_daily_0066.wav,,
golden_daily_0067,voice,今天先简单一点就好，卷舌不用太明显，这样比较像我们平常说话。,distillation/taiwan_mandarin_low_r/teacher_cosy_clear_best2_golden_daily_500_v1/audio/golden_daily_0067.wav,,
golden_daily_0068,daily,欸，我刚到楼下，你如果累了就先休息，听起来会比较真实一点。,distillation/taiwan_mandarin_low_r/teacher_cosy_clear_best2_golden_daily_500_v1/audio/golden_daily_0068.wav,,
golden_daily_0069,daily,我觉得这样也可以，你如果累了就先休息，你可以先跟我说没关系。,distillation/taiwan_mandarin_low_r/teacher_cosy_clear_best2_golden_daily_500_v1/audio/golden_daily_0069.wav,,
golden_daily_0070,daily,这件事我们不要想太复杂，像平常聊天那样就好，你想清楚以后再决定也可以。,distillation/taiwan_mandarin_low_r/teacher_cosy_clear_best2_golden_daily_500_v1/audio/golden_daily_0070.wav,,
golden_daily_0071,voice,你慢慢说，尾音软一点就很好听，我们先做到自然，再来追求更像。,distillation/taiwan_mandarin_low_r/teacher_cosy_clear_best2_golden_daily_500_v1/audio/golden_daily_0071.wav,,
golden_daily_0072,daily,我想了一下，你慢慢来就好，不用太甜，温柔一点就好。,distillation/taiwan_mandarin_low_r/teacher_cosy_clear_best2_golden_daily_500_v1/audio/golden_daily_0072.wav,,
golden_daily_0073,voice,我刚刚在开会，你刚刚说的我有听到，我觉得这个声音会比较耐听。,distillation/taiwan_mandarin_low_r/teacher_cosy_clear_best2_golden_daily_500_v1/audio/golden_daily_0073.wav,,
golden_daily_0074,daily,没关系啦，不要为了讨好别人委屈自己，我在，不用担心。,distillation/taiwan_mandarin_low_r/teacher_cosy_clear_best2_golden_daily_500_v1/audio/golden_daily_0074.wav,,
golden_daily_0075,daily,我等一下顺路过去，饮料我帮你买半糖少冰，你可以先跟我说没关系。,distillation/taiwan_mandarin_low_r/teacher_cosy_clear_best2_golden_daily_500_v1/audio/golden_daily_0075.wav,,
golden_daily_0076,daily,没关系啦，先不要急着证明自己，这样手机上应该会比较稳。,distillation/taiwan_mandarin_low_r/teacher_cosy_clear_best2_golden_daily_500_v1/audio/golden_daily_0076.wav,,
golden_daily_0077,daily,我觉得这样也可以，不用马上回我，不用太甜，温柔一点就好。,distillation/taiwan_mandarin_low_r/teacher_cosy_clear_best2_golden_daily_500_v1/audio/golden_daily_0077.wav,,
golden_daily_0078,daily,我们晚一点再说，这句话可以再讲清楚一点，你想清楚以后再决定也可以。,distillation/taiwan_mandarin_low_r/teacher_cosy_clear_best2_golden_daily_500_v1/audio/golden_daily_0078.wav,,
golden_daily_0079,daily,你等我一下，我会陪你一起看，如果不舒服，我们就先停一下。,distillation/taiwan_mandarin_low_r/teacher_cosy_clear_best2_golden_daily_500_v1/audio/golden_daily_0079.wav,,
golden_daily_0080,daily,如果你愿意的话，不要为了讨好别人委屈自己，不用太甜，温柔一点就好。,distillation/taiwan_mandarin_low_r/teacher_cosy_clear_best2_golden_daily_500_v1/audio/golden_daily_0080.wav,,
golden_daily_0081,daily,我刚刚有看到讯息，这句话可以再讲清楚一点，不用太甜，温柔一点就好。,distillation/taiwan_mandarin_low_r/teacher_cosy_clear_best2_golden_daily_500_v1/audio/golden_daily_0081.wav,,
golden_daily_0082,voice,如果你愿意的话，尾音软一点就很好听，听起来会比较真实一点。,distillation/taiwan_mandarin_low_r/teacher_cosy_clear_best2_golden_daily_500_v1/audio/golden_daily_0082.wav,,
golden_daily_0083,voice,我刚刚有看到讯息，尾音软一点就很好听，等一下再一起确认一次。,distillation/taiwan_mandarin_low_r/teacher_cosy_clear_best2_golden_daily_500_v1/audio/golden_daily_0083.wav,,
golden_daily_0084,daily,你等我一下，饮料我帮你买半糖少冰，我只是希望你轻松一点。,distillation/taiwan_mandarin_low_r/teacher_cosy_clear_best2_golden_daily_500_v1/audio/golden_daily_0084.wav,,
golden_daily_0085,voice,我等一下顺路过去，你慢慢来就好，我觉得这个声音会比较耐听。,distillation/taiwan_mandarin_low_r/teacher_cosy_clear_best2_golden_daily_500_v1/audio/golden_daily_0085.wav,,
golden_daily_0086,daily,我刚刚有看到讯息，先把心情放松一点，不要急，我们慢慢来。,distillation/taiwan_mandarin_low_r/teacher_cosy_clear_best2_golden_daily_500_v1/audio/golden_daily_0086.wav,,
golden_daily_0087,voice,你等我一下，尾音软一点就很好听，我们先做到自然，再来追求更像。,distillation/taiwan_mandarin_low_r/teacher_cosy_clear_best2_golden_daily_500_v1/audio/golden_daily_0087.wav,,
golden_daily_0088,voice,如果你愿意的话，声音放轻一点会比较自然，如果不舒服，我们就先停一下。,distillation/taiwan_mandarin_low_r/teacher_cosy_clear_best2_golden_daily_500_v1/audio/golden_daily_0088.wav,,
golden_daily_0089,daily,你这样讲我懂，不要为了讨好别人委屈自己，这样比较像我们平常说话。,distillation/taiwan_mandarin_low_r/teacher_cosy_clear_best2_golden_daily_500_v1/audio/golden_daily_0089.wav,,
golden_daily_0090,daily,我觉得这样也可以，不要为了讨好别人委屈自己，这样手机上应该会比较稳。,distillation/taiwan_mandarin_low_r/teacher_cosy_clear_best2_golden_daily_500_v1/audio/golden_daily_0090.wav,,
golden_daily_0091,daily,我想了一下，你如果累了就先休息，你可以先跟我说没关系。,distillation/taiwan_mandarin_low_r/teacher_cosy_clear_best2_golden_daily_500_v1/audio/golden_daily_0091.wav,,
golden_daily_0092,voice,你这样讲我懂，尾音软一点就很好听，你可以先跟我说没关系。,distillation/taiwan_mandarin_low_r/teacher_cosy_clear_best2_golden_daily_500_v1/audio/golden_daily_0092.wav,,
golden_daily_0093,voice,你慢慢说，先不要急着证明自己，我觉得这个声音会比较耐听。,distillation/taiwan_mandarin_low_r/teacher_cosy_clear_best2_golden_daily_500_v1/audio/golden_daily_0093.wav,,
golden_daily_0094,daily,你先不用急，先把心情放松一点，不用太甜，温柔一点就好。,distillation/taiwan_mandarin_low_r/teacher_cosy_clear_best2_golden_daily_500_v1/audio/golden_daily_0094.wav,,
golden_daily_0095,voice,你这样讲我懂，你刚刚说的我有听到，我觉得这个声音会比较耐听。,distillation/taiwan_mandarin_low_r/teacher_cosy_clear_best2_golden_daily_500_v1/audio/golden_daily_0095.wav,,
golden_daily_0096,daily,欸，我刚到楼下，我想听你真实的想法，我们先做到自然，再来追求更像。,distillation/taiwan_mandarin_low_r/teacher_cosy_clear_best2_golden_daily_500_v1/audio/golden_daily_0096.wav,,
golden_daily_0097,voice,欸，我刚到楼下，声音放轻一点会比较自然，听起来会比较真实一点。,distillation/taiwan_mandarin_low_r/teacher_cosy_clear_best2_golden_daily_500_v1/audio/golden_daily_0097.wav,,
golden_daily_0098,daily,我先把东西放好，饮料我帮你买半糖少冰，你可以先跟我说没关系。,distillation/taiwan_mandarin_low_r/teacher_cosy_clear_best2_golden_daily_500_v1/audio/golden_daily_0098.wav,,
golden_daily_0099,daily,欸，我刚到楼下，我们一步一步来，如果不舒服，我们就先停一下。,distillation/taiwan_mandarin_low_r/teacher_cosy_clear_best2_golden_daily_500_v1/audio/golden_daily_0099.wav,,
golden_daily_0100,daily,这件事我们不要想太复杂，晚餐我们吃简单一点，我不会觉得你很麻烦。,distillation/taiwan_mandarin_low_r/teacher_cosy_clear_best2_golden_daily_500_v1/audio/golden_daily_0100.wav,,
golden_daily_0101,daily,我先把东西放好，不要讲得太像主播，不要急，我们慢慢来。,distillation/taiwan_mandarin_low_r/teacher_cosy_clear_best2_golden_daily_500_v1/audio/golden_daily_0101.wav,,
golden_daily_0102,daily,欸，我刚到楼下，我们先确认最重要的那件事，我觉得这样就满好了。,distillation/taiwan_mandarin_low_r/teacher_cosy_clear_best2_golden_daily_500_v1/audio/golden_daily_0102.wav,,
golden_daily_0103,daily,你这样讲我懂，我们先确认最重要的那件事，我只是希望你轻松一点。,distillation/taiwan_mandarin_low_r/teacher_cosy_clear_best2_golden_daily_500_v1/audio/golden_daily_0103.wav,,
golden_daily_0104,daily,欸，我刚到楼下，这件事没有你想的那么糟，你想清楚以后再决定也可以。,distillation/taiwan_mandarin_low_r/teacher_cosy_clear_best2_golden_daily_500_v1/audio/golden_daily_0104.wav,,
golden_daily_0105,daily,我想了一下，像平常聊天那样就好，你可以先跟我说没关系。,distillation/taiwan_mandarin_low_r/teacher_cosy_clear_best2_golden_daily_500_v1/audio/golden_daily_0105.wav,,
golden_daily_0106,daily,今天外面有点热，不要讲得太像主播，等一下再一起确认一次。,distillation/taiwan_mandarin_low_r/teacher_cosy_clear_best2_golden_daily_500_v1/audio/golden_daily_0106.wav,,
golden_daily_0107,daily,今天先简单一点就好，我们先确认最重要的那件事，我不会觉得你很麻烦。,distillation/taiwan_mandarin_low_r/teacher_cosy_clear_best2_golden_daily_500_v1/audio/golden_daily_0107.wav,,
golden_daily_0108,daily,等一下我们再确认一次，你刚刚说的我有听到，如果不舒服，我们就先停一下。,distillation/taiwan_mandarin_low_r/teacher_cosy_clear_best2_golden_daily_500_v1/audio/golden_daily_0108.wav,,
golden_daily_0109,daily,你这样讲我懂，晚餐我们吃简单一点，如果不舒服，我们就先停一下。,distillation/taiwan_mandarin_low_r/teacher_cosy_clear_best2_golden_daily_500_v1/audio/golden_daily_0109.wav,,
golden_daily_0110,daily,我刚刚在开会，这句话可以再讲清楚一点，不用太甜，温柔一点就好。,distillation/taiwan_mandarin_low_r/teacher_cosy_clear_best2_golden_daily_500_v1/audio/golden_daily_0110.wav,,
golden_daily_0111,daily,你慢慢说，先把心情放松一点，等一下再一起确认一次。,distillation/taiwan_mandarin_low_r/teacher_cosy_clear_best2_golden_daily_500_v1/audio/golden_daily_0111.wav,,
golden_daily_0112,daily,如果你愿意的话，晚餐我们吃简单一点，听起来会比较真实一点。,distillation/taiwan_mandarin_low_r/teacher_cosy_clear_best2_golden_daily_500_v1/audio/golden_daily_0112.wav,,
golden_daily_0113,voice,等一下我们再确认一次，尾音软一点就很好听，我觉得这样就满好了。,distillation/taiwan_mandarin_low_r/teacher_cosy_clear_best2_golden_daily_500_v1/audio/golden_daily_0113.wav,,
golden_daily_0114,daily,欸，我刚到楼下，饮料我帮你买半糖少冰，这样比较像我们平常说话。,distillation/taiwan_mandarin_low_r/teacher_cosy_clear_best2_golden_daily_500_v1/audio/golden_daily_0114.wav,,
golden_daily_0115,daily,等一下我们再确认一次，我们先确认最重要的那件事，这样手机上应该会比较稳。,distillation/taiwan_mandarin_low_r/teacher_cosy_clear_best2_golden_daily_500_v1/audio/golden_daily_0115.wav,,
golden_daily_0116,voice,欸，我刚到楼下，晚餐我们吃简单一点，我觉得这个声音会比较耐听。,distillation/taiwan_mandarin_low_r/teacher_cosy_clear_best2_golden_daily_500_v1/audio/golden_daily_0116.wav,,
golden_daily_0117,daily,你这样讲我懂，不要为了讨好别人委屈自己，你可以先跟我说没关系。,distillation/taiwan_mandarin_low_r/teacher_cosy_clear_best2_golden_daily_500_v1/audio/golden_daily_0117.wav,,
golden_daily_0118,daily,我等一下顺路过去，你如果累了就先休息，你可以先跟我说没关系。,distillation/taiwan_mandarin_low_r/teacher_cosy_clear_best2_golden_daily_500_v1/audio/golden_daily_0118.wav,,
golden_daily_0119,voice,我觉得这样也可以，尾音软一点就很好听，我不会觉得你很麻烦。,distillation/taiwan_mandarin_low_r/teacher_cosy_clear_best2_golden_daily_500_v1/audio/golden_daily_0119.wav,,
golden_daily_0120,daily,我先把东西放好，这件事没有你想的那么糟，如果不舒服，我们就先停一下。,distillation/taiwan_mandarin_low_r/teacher_cosy_clear_best2_golden_daily_500_v1/audio/golden_daily_0120.wav,,
golden_daily_0121,daily,你慢慢说，晚餐我们吃简单一点，我只是希望你轻松一点。,distillation/taiwan_mandarin_low_r/teacher_cosy_clear_best2_golden_daily_500_v1/audio/golden_daily_0121.wav,,
golden_daily_0122,daily,我不是在催你，讲话清楚但不要太用力，不要急，我们慢慢来。,distillation/taiwan_mandarin_low_r/teacher_cosy_clear_best2_golden_daily_500_v1/audio/golden_daily_0122.wav,,
golden_daily_0123,daily,你这样讲我懂，饮料我帮你买半糖少冰，我只是希望你轻松一点。,distillation/taiwan_mandarin_low_r/teacher_cosy_clear_best2_golden_daily_500_v1/audio/golden_daily_0123.wav,,
golden_daily_0124,voice,你先喝一点水，先把心情放松一点，我觉得这个声音会比较耐听。,distillation/taiwan_mandarin_low_r/teacher_cosy_clear_best2_golden_daily_500_v1/audio/golden_daily_0124.wav,,
golden_daily_0125,daily,今天外面有点热，你慢慢来就好，这样手机上应该会比较稳。,distillation/taiwan_mandarin_low_r/teacher_cosy_clear_best2_golden_daily_500_v1/audio/golden_daily_0125.wav,,
golden_daily_0126,daily,我不是在催你，我们一步一步来，我在，不用担心。,distillation/taiwan_mandarin_low_r/teacher_cosy_clear_best2_golden_daily_500_v1/audio/golden_daily_0126.wav,,
golden_daily_0127,daily,我觉得这样也可以，不要一个人硬撑，这样手机上应该会比较稳。,distillation/taiwan_mandarin_low_r/teacher_cosy_clear_best2_golden_daily_500_v1/audio/golden_daily_0127.wav,,
golden_daily_0128,voice,我等一下顺路过去，尾音软一点就很好听，我在，不用担心。,distillation/taiwan_mandarin_low_r/teacher_cosy_clear_best2_golden_daily_500_v1/audio/golden_daily_0128.wav,,
golden_daily_0129,daily,没关系啦，像平常聊天那样就好，这样比较像我们平常说话。,distillation/taiwan_mandarin_low_r/teacher_cosy_clear_best2_golden_daily_500_v1/audio/golden_daily_0129.wav,,
golden_daily_0130,daily,我等一下顺路过去，我想听你真实的想法，等一下再一起确认一次。,distillation/taiwan_mandarin_low_r/teacher_cosy_clear_best2_golden_daily_500_v1/audio/golden_daily_0130.wav,,
golden_daily_0131,daily,我不是在催你，我觉得你已经做得很好了，不用太甜，温柔一点就好。,distillation/taiwan_mandarin_low_r/teacher_cosy_clear_best2_golden_daily_500_v1/audio/golden_daily_0131.wav,,
golden_daily_0132,daily,你慢慢说，像平常聊天那样就好，你可以先跟我说没关系。,distillation/taiwan_mandarin_low_r/teacher_cosy_clear_best2_golden_daily_500_v1/audio/golden_daily_0132.wav,,
golden_daily_0133,daily,你先喝一点水，先不要急着证明自己，我觉得这样就满好了。,distillation/taiwan_mandarin_low_r/teacher_cosy_clear_best2_golden_daily_500_v1/audio/golden_daily_0133.wav,,
golden_daily_0134,daily,我不是在催你，我会陪你一起看，你可以先跟我说没关系。,distillation/taiwan_mandarin_low_r/teacher_cosy_clear_best2_golden_daily_500_v1/audio/golden_daily_0134.wav,,
golden_daily_0135,daily,你这样讲我懂，你刚刚说的我有听到，听起来会比较真实一点。,distillation/taiwan_mandarin_low_r/teacher_cosy_clear_best2_golden_daily_500_v1/audio/golden_daily_0135.wav,,
golden_daily_0136,voice,你这样讲我懂，尾音软一点就很好听，听起来会比较真实一点。,distillation/taiwan_mandarin_low_r/teacher_cosy_clear_best2_golden_daily_500_v1/audio/golden_daily_0136.wav,,
golden_daily_0137,daily,你慢慢说，讲话清楚但不要太用力，不要急，我们慢慢来。,distillation/taiwan_mandarin_low_r/teacher_cosy_clear_best2_golden_daily_500_v1/audio/golden_daily_0137.wav,,
golden_daily_0138,daily,如果你愿意的话，先把心情放松一点，你可以先跟我说没关系。,distillation/taiwan_mandarin_low_r/teacher_cosy_clear_best2_golden_daily_500_v1/audio/golden_daily_0138.wav,,
golden_daily_0139,daily,你先不用急，你慢慢来就好，我不会觉得你很麻烦。,distillation/taiwan_mandarin_low_r/teacher_cosy_clear_best2_golden_daily_500_v1/audio/golden_daily_0139.wav,,
golden_daily_0140,daily,没关系啦，你刚刚说的我有听到，不用太甜，温柔一点就好。,distillation/taiwan_mandarin_low_r/teacher_cosy_clear_best2_golden_daily_500_v1/audio/golden_daily_0140.wav,,
golden_daily_0141,daily,没关系啦，我觉得你已经做得很好了，不用太甜，温柔一点就好。,distillation/taiwan_mandarin_low_r/teacher_cosy_clear_best2_golden_daily_500_v1/audio/golden_daily_0141.wav,,
golden_daily_0142,voice,没关系啦，不用马上回我，我觉得这个声音会比较耐听。,distillation/taiwan_mandarin_low_r/teacher_cosy_clear_best2_golden_daily_500_v1/audio/golden_daily_0142.wav,,
golden_daily_0143,daily,我刚刚有看到讯息，你刚刚说的我有听到，听起来会比较真实一点。,distillation/taiwan_mandarin_low_r/teacher_cosy_clear_best2_golden_daily_500_v1/audio/golden_daily_0143.wav,,
golden_daily_0144,daily,我刚刚在开会，不要一个人硬撑，你可以先跟我说没关系。,distillation/taiwan_mandarin_low_r/teacher_cosy_clear_best2_golden_daily_500_v1/audio/golden_daily_0144.wav,,
golden_daily_0145,daily,你等我一下，我觉得你已经做得很好了，我们先做到自然，再来追求更像。,distillation/taiwan_mandarin_low_r/teacher_cosy_clear_best2_golden_daily_500_v1/audio/golden_daily_0145.wav,,
golden_daily_0146,daily,如果你愿意的话，这句话可以再讲清楚一点，不用太甜，温柔一点就好。,distillation/taiwan_mandarin_low_r/teacher_cosy_clear_best2_golden_daily_500_v1/audio/golden_daily_0146.wav,,
golden_daily_0147,daily,你先不用急，你如果累了就先休息，我在，不用担心。,distillation/taiwan_mandarin_low_r/teacher_cosy_clear_best2_golden_daily_500_v1/audio/golden_daily_0147.wav,,
golden_daily_0148,daily,没关系啦，这句话可以再讲清楚一点，我们先做到自然，再来追求更像。,distillation/taiwan_mandarin_low_r/teacher_cosy_clear_best2_golden_daily_500_v1/audio/golden_daily_0148.wav,,
golden_daily_0149,voice,等一下我们再确认一次，饮料我帮你买半糖少冰，我觉得这个声音会比较耐听。,distillation/taiwan_mandarin_low_r/teacher_cosy_clear_best2_golden_daily_500_v1/audio/golden_daily_0149.wav,,
golden_daily_0150,daily,我先把东西放好，不要一个人硬撑，这样手机上应该会比较稳。,distillation/taiwan_mandarin_low_r/teacher_cosy_clear_best2_golden_daily_500_v1/audio/golden_daily_0150.wav,,
golden_daily_0151,daily,没关系啦，先不要急着证明自己，我不会觉得你很麻烦。,distillation/taiwan_mandarin_low_r/teacher_cosy_clear_best2_golden_daily_500_v1/audio/golden_daily_0151.wav,,
golden_daily_0152,daily,等一下我们再确认一次，不要一个人硬撑，这样手机上应该会比较稳。,distillation/taiwan_mandarin_low_r/teacher_cosy_clear_best2_golden_daily_500_v1/audio/golden_daily_0152.wav,,
golden_daily_0153,daily,等一下我们再确认一次，我会陪你一起看，你想清楚以后再决定也可以。,distillation/taiwan_mandarin_low_r/teacher_cosy_clear_best2_golden_daily_500_v1/audio/golden_daily_0153.wav,,
golden_daily_0154,daily,你先不用急，先把心情放松一点，我不会觉得你很麻烦。,distillation/taiwan_mandarin_low_r/teacher_cosy_clear_best2_golden_daily_500_v1/audio/golden_daily_0154.wav,,
golden_daily_0155,daily,你这样讲我懂，你刚刚说的我有听到，我只是希望你轻松一点。,distillation/taiwan_mandarin_low_r/teacher_cosy_clear_best2_golden_daily_500_v1/audio/golden_daily_0155.wav,,
golden_daily_0156,daily,这件事我们不要想太复杂，这句话可以再讲清楚一点，我只是希望你轻松一点。,distillation/taiwan_mandarin_low_r/teacher_cosy_clear_best2_golden_daily_500_v1/audio/golden_daily_0156.wav,,
golden_daily_0157,daily,今天外面有点热，你慢慢来就好，不要急，我们慢慢来。,distillation/taiwan_mandarin_low_r/teacher_cosy_clear_best2_golden_daily_500_v1/audio/golden_daily_0157.wav,,
golden_daily_0158,daily,没关系啦，你如果累了就先休息，我们先做到自然，再来追求更像。,distillation/taiwan_mandarin_low_r/teacher_cosy_clear_best2_golden_daily_500_v1/audio/golden_daily_0158.wav,,
golden_daily_0159,daily,你等我一下，你刚刚说的我有听到，我们先做到自然，再来追求更像。,distillation/taiwan_mandarin_low_r/teacher_cosy_clear_best2_golden_daily_500_v1/audio/golden_daily_0159.wav,,
golden_daily_0160,daily,如果你愿意的话，先把心情放松一点，这样比较像我们平常说话。,distillation/taiwan_mandarin_low_r/teacher_cosy_clear_best2_golden_daily_500_v1/audio/golden_daily_0160.wav,,
golden_daily_0161,daily,今天外面有点热，饮料我帮你买半糖少冰，不用太甜，温柔一点就好。,distillation/taiwan_mandarin_low_r/teacher_cosy_clear_best2_golden_daily_500_v1/audio/golden_daily_0161.wav,,
golden_daily_0162,voice,没关系啦，你慢慢来就好，我觉得这个声音会比较耐听。,distillation/taiwan_mandarin_low_r/teacher_cosy_clear_best2_golden_daily_500_v1/audio/golden_daily_0162.wav,,
golden_daily_0163,voice,没关系啦，饮料我帮你买半糖少冰，我觉得这个声音会比较耐听。,distillation/taiwan_mandarin_low_r/teacher_cosy_clear_best2_golden_daily_500_v1/audio/golden_daily_0163.wav,,
golden_daily_0164,daily,你先喝一点水，饮料我帮你买半糖少冰，不用太甜，温柔一点就好。,distillation/taiwan_mandarin_low_r/teacher_cosy_clear_best2_golden_daily_500_v1/audio/golden_daily_0164.wav,,
golden_daily_0165,daily,今天外面有点热，这句话可以再讲清楚一点，等一下再一起确认一次。,distillation/taiwan_mandarin_low_r/teacher_cosy_clear_best2_golden_daily_500_v1/audio/golden_daily_0165.wav,,
golden_daily_0166,daily,我等一下顺路过去，不要为了讨好别人委屈自己，如果不舒服，我们就先停一下。,distillation/taiwan_mandarin_low_r/teacher_cosy_clear_best2_golden_daily_500_v1/audio/golden_daily_0166.wav,,
golden_daily_0167,daily,你这样讲我懂，你刚刚说的我有听到，我在，不用担心。,distillation/taiwan_mandarin_low_r/teacher_cosy_clear_best2_golden_daily_500_v1/audio/golden_daily_0167.wav,,
golden_daily_0168,daily,我等一下顺路过去，你刚刚说的我有听到，我们先做到自然，再来追求更像。,distillation/taiwan_mandarin_low_r/teacher_cosy_clear_best2_golden_daily_500_v1/audio/golden_daily_0168.wav,,
golden_daily_0169,daily,你等我一下，先把心情放松一点，你可以先跟我说没关系。,distillation/taiwan_mandarin_low_r/teacher_cosy_clear_best2_golden_daily_500_v1/audio/golden_daily_0169.wav,,
golden_daily_0170,daily,如果你愿意的话，先把心情放松一点，我不会觉得你很麻烦。,distillation/taiwan_mandarin_low_r/teacher_cosy_clear_best2_golden_daily_500_v1/audio/golden_daily_0170.wav,,
golden_daily_0171,daily,我不是在催你，不用马上回我，你想清楚以后再决定也可以。,distillation/taiwan_mandarin_low_r/teacher_cosy_clear_best2_golden_daily_500_v1/audio/golden_daily_0171.wav,,
golden_daily_0172,daily,你慢慢说，我们先确认最重要的那件事，我只是希望你轻松一点。,distillation/taiwan_mandarin_low_r/teacher_cosy_clear_best2_golden_daily_500_v1/audio/golden_daily_0172.wav,,
golden_daily_0173,daily,我觉得这样也可以，我们先确认最重要的那件事，这样比较像我们平常说话。,distillation/taiwan_mandarin_low_r/teacher_cosy_clear_best2_golden_daily_500_v1/audio/golden_daily_0173.wav,,
golden_daily_0174,daily,我先把东西放好，我会陪你一起看，如果不舒服，我们就先停一下。,distillation/taiwan_mandarin_low_r/teacher_cosy_clear_best2_golden_daily_500_v1/audio/golden_daily_0174.wav,,
golden_daily_0175,daily,今天外面有点热，晚餐我们吃简单一点，我只是希望你轻松一点。,distillation/taiwan_mandarin_low_r/teacher_cosy_clear_best2_golden_daily_500_v1/audio/golden_daily_0175.wav,,
golden_daily_0176,daily,我觉得这样也可以，你刚刚说的我有听到，你想清楚以后再决定也可以。,distillation/taiwan_mandarin_low_r/teacher_cosy_clear_best2_golden_daily_500_v1/audio/golden_daily_0176.wav,,
golden_daily_0177,voice,我刚刚有看到讯息，先不要急着证明自己，我觉得这个声音会比较耐听。,distillation/taiwan_mandarin_low_r/teacher_cosy_clear_best2_golden_daily_500_v1/audio/golden_daily_0177.wav,,
golden_daily_0178,daily,你先喝一点水，不用马上回我，不用太甜，温柔一点就好。,distillation/taiwan_mandarin_low_r/teacher_cosy_clear_best2_golden_daily_500_v1/audio/golden_daily_0178.wav,,
golden_daily_0179,voice,我不是在催你，卷舌不用太明显，我在，不用担心。,distillation/taiwan_mandarin_low_r/teacher_cosy_clear_best2_golden_daily_500_v1/audio/golden_daily_0179.wav,,
golden_daily_0180,voice,如果你愿意的话，尾音软一点就很好听，如果不舒服，我们就先停一下。,distillation/taiwan_mandarin_low_r/teacher_cosy_clear_best2_golden_daily_500_v1/audio/golden_daily_0180.wav,,
golden_daily_0181,daily,我先把东西放好，像平常聊天那样就好，我只是希望你轻松一点。,distillation/taiwan_mandarin_low_r/teacher_cosy_clear_best2_golden_daily_500_v1/audio/golden_daily_0181.wav,,
golden_daily_0182,daily,今天外面有点热，我们一步一步来，这样比较像我们平常说话。,distillation/taiwan_mandarin_low_r/teacher_cosy_clear_best2_golden_daily_500_v1/audio/golden_daily_0182.wav,,
golden_daily_0183,daily,这件事我们不要想太复杂，像平常聊天那样就好，我不会觉得你很麻烦。,distillation/taiwan_mandarin_low_r/teacher_cosy_clear_best2_golden_daily_500_v1/audio/golden_daily_0183.wav,,
golden_daily_0184,daily,你等我一下，我们先确认最重要的那件事，不用太甜，温柔一点就好。,distillation/taiwan_mandarin_low_r/teacher_cosy_clear_best2_golden_daily_500_v1/audio/golden_daily_0184.wav,,
golden_daily_0185,voice,欸，我刚到楼下，不要为了讨好别人委屈自己，我觉得这个声音会比较耐听。,distillation/taiwan_mandarin_low_r/teacher_cosy_clear_best2_golden_daily_500_v1/audio/golden_daily_0185.wav,,
golden_daily_0186,voice,我想了一下，声音放轻一点会比较自然，我不会觉得你很麻烦。,distillation/taiwan_mandarin_low_r/teacher_cosy_clear_best2_golden_daily_500_v1/audio/golden_daily_0186.wav,,
golden_daily_0187,daily,如果你愿意的话，讲话清楚但不要太用力，听起来会比较真实一点。,distillation/taiwan_mandarin_low_r/teacher_cosy_clear_best2_golden_daily_500_v1/audio/golden_daily_0187.wav,,
golden_daily_0188,daily,你等我一下，讲话清楚但不要太用力，你可以先跟我说没关系。,distillation/taiwan_mandarin_low_r/teacher_cosy_clear_best2_golden_daily_500_v1/audio/golden_daily_0188.wav,,
golden_daily_0189,voice,你等我一下，声音放轻一点会比较自然，听起来会比较真实一点。,distillation/taiwan_mandarin_low_r/teacher_cosy_clear_best2_golden_daily_500_v1/audio/golden_daily_0189.wav,,
golden_daily_0190,daily,你这样讲我懂，你如果累了就先休息，不用太甜，温柔一点就好。,distillation/taiwan_mandarin_low_r/teacher_cosy_clear_best2_golden_daily_500_v1/audio/golden_daily_0190.wav,,
golden_daily_0191,daily,今天先简单一点就好，先不要急着证明自己，你想清楚以后再决定也可以。,distillation/taiwan_mandarin_low_r/teacher_cosy_clear_best2_golden_daily_500_v1/audio/golden_daily_0191.wav,,
golden_daily_0192,daily,等一下我们再确认一次，我觉得你已经做得很好了，这样比较像我们平常说话。,distillation/taiwan_mandarin_low_r/teacher_cosy_clear_best2_golden_daily_500_v1/audio/golden_daily_0192.wav,,
golden_daily_0193,daily,今天外面有点热，我在这边等你，如果不舒服，我们就先停一下。,distillation/taiwan_mandarin_low_r/teacher_cosy_clear_best2_golden_daily_500_v1/audio/golden_daily_0193.wav,,
golden_daily_0194,daily,这件事我们不要想太复杂，我想听你真实的想法，听起来会比较真实一点。,distillation/taiwan_mandarin_low_r/teacher_cosy_clear_best2_golden_daily_500_v1/audio/golden_daily_0194.wav,,
golden_daily_0195,daily,今天先简单一点就好，不用马上回我，我觉得这样就满好了。,distillation/taiwan_mandarin_low_r/teacher_cosy_clear_best2_golden_daily_500_v1/audio/golden_daily_0195.wav,,
golden_daily_0196,daily,欸，我刚到楼下，我会陪你一起看，不要急，我们慢慢来。,distillation/taiwan_mandarin_low_r/teacher_cosy_clear_best2_golden_daily_500_v1/audio/golden_daily_0196.wav,,
golden_daily_0197,daily,你先喝一点水，我在这边等你，我觉得这样就满好了。,distillation/taiwan_mandarin_low_r/teacher_cosy_clear_best2_golden_daily_500_v1/audio/golden_daily_0197.wav,,
golden_daily_0198,daily,如果你愿意的话，晚餐我们吃简单一点，不用太甜，温柔一点就好。,distillation/taiwan_mandarin_low_r/teacher_cosy_clear_best2_golden_daily_500_v1/audio/golden_daily_0198.wav,,
golden_daily_0199,daily,你先不用急，不要为了讨好别人委屈自己，我不会觉得你很麻烦。,distillation/taiwan_mandarin_low_r/teacher_cosy_clear_best2_golden_daily_500_v1/audio/golden_daily_0199.wav,,
golden_daily_0200,daily,我不是在催你，这句话可以再讲清楚一点，不用太甜，温柔一点就好。,distillation/taiwan_mandarin_low_r/teacher_cosy_clear_best2_golden_daily_500_v1/audio/golden_daily_0200.wav,,
golden_daily_0201,voice,我等一下顺路过去，我在这边等你，我觉得这个声音会比较耐听。,distillation/taiwan_mandarin_low_r/teacher_cosy_clear_best2_golden_daily_500_v1/audio/golden_daily_0201.wav,,
golden_daily_0202,daily,我想了一下，你如果累了就先休息，等一下再一起确认一次。,distillation/taiwan_mandarin_low_r/teacher_cosy_clear_best2_golden_daily_500_v1/audio/golden_daily_0202.wav,,
golden_daily_0203,daily,这件事我们不要想太复杂，你刚刚说的我有听到，我在，不用担心。,distillation/taiwan_mandarin_low_r/teacher_cosy_clear_best2_golden_daily_500_v1/audio/golden_daily_0203.wav,,
golden_daily_0204,daily,欸，我刚到楼下，我们先确认最重要的那件事，如果不舒服，我们就先停一下。,distillation/taiwan_mandarin_low_r/teacher_cosy_clear_best2_golden_daily_500_v1/audio/golden_daily_0204.wav,,
golden_daily_0205,daily,我先把东西放好，你刚刚说的我有听到，我觉得这样就满好了。,distillation/taiwan_mandarin_low_r/teacher_cosy_clear_best2_golden_daily_500_v1/audio/golden_daily_0205.wav,,
golden_daily_0206,daily,今天外面有点热，先不要急着证明自己，不用太甜，温柔一点就好。,distillation/taiwan_mandarin_low_r/teacher_cosy_clear_best2_golden_daily_500_v1/audio/golden_daily_0206.wav,,
golden_daily_0207,daily,我不是在催你，晚餐我们吃简单一点，你可以先跟我说没关系。,distillation/taiwan_mandarin_low_r/teacher_cosy_clear_best2_golden_daily_500_v1/audio/golden_daily_0207.wav,,
golden_daily_0208,voice,我刚刚在开会，尾音软一点就很好听，我只是希望你轻松一点。,distillation/taiwan_mandarin_low_r/teacher_cosy_clear_best2_golden_daily_500_v1/audio/golden_daily_0208.wav,,
golden_daily_0209,daily,我刚刚在开会，我们一步一步来，你可以先跟我说没关系。,distillation/taiwan_mandarin_low_r/teacher_cosy_clear_best2_golden_daily_500_v1/audio/golden_daily_0209.wav,,
golden_daily_0210,voice,我刚刚在开会，讲话清楚但不要太用力，我觉得这个声音会比较耐听。,distillation/taiwan_mandarin_low_r/teacher_cosy_clear_best2_golden_daily_500_v1/audio/golden_daily_0210.wav,,
golden_daily_0211,daily,没关系啦，我想听你真实的想法，我在，不用担心。,distillation/taiwan_mandarin_low_r/teacher_cosy_clear_best2_golden_daily_500_v1/audio/golden_daily_0211.wav,,
golden_daily_0212,daily,我觉得这样也可以，先把心情放松一点，如果不舒服，我们就先停一下。,distillation/taiwan_mandarin_low_r/teacher_cosy_clear_best2_golden_daily_500_v1/audio/golden_daily_0212.wav,,
golden_daily_0213,daily,今天外面有点热，我会陪你一起看，不用太甜，温柔一点就好。,distillation/taiwan_mandarin_low_r/teacher_cosy_clear_best2_golden_daily_500_v1/audio/golden_daily_0213.wav,,
golden_daily_0214,daily,我不是在催你，我在这边等你，如果不舒服，我们就先停一下。,distillation/taiwan_mandarin_low_r/teacher_cosy_clear_best2_golden_daily_500_v1/audio/golden_daily_0214.wav,,
golden_daily_0215,voice,我先把东西放好，声音放轻一点会比较自然，我觉得这个声音会比较耐听。,distillation/taiwan_mandarin_low_r/teacher_cosy_clear_best2_golden_daily_500_v1/audio/golden_daily_0215.wav,,
golden_daily_0216,daily,我刚刚在开会，这件事没有你想的那么糟，我只是希望你轻松一点。,distillation/taiwan_mandarin_low_r/teacher_cosy_clear_best2_golden_daily_500_v1/audio/golden_daily_0216.wav,,
golden_daily_0217,daily,我不是在催你，像平常聊天那样就好，听起来会比较真实一点。,distillation/taiwan_mandarin_low_r/teacher_cosy_clear_best2_golden_daily_500_v1/audio/golden_daily_0217.wav,,
golden_daily_0218,voice,我刚刚有看到讯息，这件事没有你想的那么糟，我觉得这个声音会比较耐听。,distillation/taiwan_mandarin_low_r/teacher_cosy_clear_best2_golden_daily_500_v1/audio/golden_daily_0218.wav,,
golden_daily_0219,daily,这件事我们不要想太复杂，像平常聊天那样就好，如果不舒服，我们就先停一下。,distillation/taiwan_mandarin_low_r/teacher_cosy_clear_best2_golden_daily_500_v1/audio/golden_daily_0219.wav,,
golden_daily_0220,daily,我等一下顺路过去，这件事没有你想的那么糟，你想清楚以后再决定也可以。,distillation/taiwan_mandarin_low_r/teacher_cosy_clear_best2_golden_daily_500_v1/audio/golden_daily_0220.wav,,
golden_daily_0221,voice,我们晚一点再说，尾音软一点就很好听，我觉得这个声音会比较耐听。,distillation/taiwan_mandarin_low_r/teacher_cosy_clear_best2_golden_daily_500_v1/audio/golden_daily_0221.wav,,
golden_daily_0222,voice,我等一下顺路过去，你刚刚说的我有听到，我觉得这个声音会比较耐听。,distillation/taiwan_mandarin_low_r/teacher_cosy_clear_best2_golden_daily_500_v1/audio/golden_daily_0222.wav,,
golden_daily_0223,daily,你等我一下，这件事没有你想的那么糟，我只是希望你轻松一点。,distillation/taiwan_mandarin_low_r/teacher_cosy_clear_best2_golden_daily_500_v1/audio/golden_daily_0223.wav,,
golden_daily_0224,daily,如果你愿意的话，你刚刚说的我有听到，不要急，我们慢慢来。,distillation/taiwan_mandarin_low_r/teacher_cosy_clear_best2_golden_daily_500_v1/audio/golden_daily_0224.wav,,
golden_daily_0225,daily,我先把东西放好，这句话可以再讲清楚一点，这样手机上应该会比较稳。,distillation/taiwan_mandarin_low_r/teacher_cosy_clear_best2_golden_daily_500_v1/audio/golden_daily_0225.wav,,
golden_daily_0226,daily,今天先简单一点就好，你如果累了就先休息，我不会觉得你很麻烦。,distillation/taiwan_mandarin_low_r/teacher_cosy_clear_best2_golden_daily_500_v1/audio/golden_daily_0226.wav,,
golden_daily_0227,voice,我等一下顺路过去，卷舌不用太明显，如果不舒服，我们就先停一下。,distillation/taiwan_mandarin_low_r/teacher_cosy_clear_best2_golden_daily_500_v1/audio/golden_daily_0227.wav,,
golden_daily_0228,daily,你先不用急，不要一个人硬撑，我只是希望你轻松一点。,distillation/taiwan_mandarin_low_r/teacher_cosy_clear_best2_golden_daily_500_v1/audio/golden_daily_0228.wav,,
golden_daily_0229,daily,等一下我们再确认一次，不要一个人硬撑，等一下再一起确认一次。,distillation/taiwan_mandarin_low_r/teacher_cosy_clear_best2_golden_daily_500_v1/audio/golden_daily_0229.wav,,
golden_daily_0230,daily,我们晚一点再说，不用马上回我，我只是希望你轻松一点。,distillation/taiwan_mandarin_low_r/teacher_cosy_clear_best2_golden_daily_500_v1/audio/golden_daily_0230.wav,,
golden_daily_0231,daily,你先喝一点水，你慢慢来就好，我们先做到自然，再来追求更像。,distillation/taiwan_mandarin_low_r/teacher_cosy_clear_best2_golden_daily_500_v1/audio/golden_daily_0231.wav,,
golden_daily_0232,daily,等一下我们再确认一次，我在这边等你，我在，不用担心。,distillation/taiwan_mandarin_low_r/teacher_cosy_clear_best2_golden_daily_500_v1/audio/golden_daily_0232.wav,,
golden_daily_0233,daily,我等一下顺路过去，饮料我帮你买半糖少冰，我在，不用担心。,distillation/taiwan_mandarin_low_r/teacher_cosy_clear_best2_golden_daily_500_v1/audio/golden_daily_0233.wav,,
golden_daily_0234,daily,我想了一下，我们先确认最重要的那件事，听起来会比较真实一点。,distillation/taiwan_mandarin_low_r/teacher_cosy_clear_best2_golden_daily_500_v1/audio/golden_daily_0234.wav,,
golden_daily_0235,daily,如果你愿意的话，这件事没有你想的那么糟，这样比较像我们平常说话。,distillation/taiwan_mandarin_low_r/teacher_cosy_clear_best2_golden_daily_500_v1/audio/golden_daily_0235.wav,,
golden_daily_0236,voice,今天先简单一点就好，卷舌不用太明显，这样手机上应该会比较稳。,distillation/taiwan_mandarin_low_r/teacher_cosy_clear_best2_golden_daily_500_v1/audio/golden_daily_0236.wav,,
golden_daily_0237,daily,我刚刚在开会，我觉得你已经做得很好了，如果不舒服，我们就先停一下。,distillation/taiwan_mandarin_low_r/teacher_cosy_clear_best2_golden_daily_500_v1/audio/golden_daily_0237.wav,,
golden_daily_0238,daily,今天外面有点热，我们先确认最重要的那件事，这样手机上应该会比较稳。,distillation/taiwan_mandarin_low_r/teacher_cosy_clear_best2_golden_daily_500_v1/audio/golden_daily_0238.wav,,
golden_daily_0239,daily,我刚刚有看到讯息，饮料我帮你买半糖少冰，如果不舒服，我们就先停一下。,distillation/taiwan_mandarin_low_r/teacher_cosy_clear_best2_golden_daily_500_v1/audio/golden_daily_0239.wav,,
golden_daily_0240,daily,你先喝一点水，饮料我帮你买半糖少冰，不要急，我们慢慢来。,distillation/taiwan_mandarin_low_r/teacher_cosy_clear_best2_golden_daily_500_v1/audio/golden_daily_0240.wav,,
golden_daily_0241,voice,今天外面有点热，卷舌不用太明显，我只是希望你轻松一点。,distillation/taiwan_mandarin_low_r/teacher_cosy_clear_best2_golden_daily_500_v1/audio/golden_daily_0241.wav,,
golden_daily_0242,daily,等一下我们再确认一次，不要一个人硬撑，如果不舒服，我们就先停一下。,distillation/taiwan_mandarin_low_r/teacher_cosy_clear_best2_golden_daily_500_v1/audio/golden_daily_0242.wav,,
golden_daily_0243,daily,这件事我们不要想太复杂，像平常聊天那样就好，听起来会比较真实一点。,distillation/taiwan_mandarin_low_r/teacher_cosy_clear_best2_golden_daily_500_v1/audio/golden_daily_0243.wav,,
golden_daily_0244,daily,没关系啦，我想听你真实的想法，不用太甜，温柔一点就好。,distillation/taiwan_mandarin_low_r/teacher_cosy_clear_best2_golden_daily_500_v1/audio/golden_daily_0244.wav,,
golden_daily_0245,daily,如果你愿意的话，我会陪你一起看，等一下再一起确认一次。,distillation/taiwan_mandarin_low_r/teacher_cosy_clear_best2_golden_daily_500_v1/audio/golden_daily_0245.wav,,
golden_daily_0246,daily,你这样讲我懂，我们先确认最重要的那件事，等一下再一起确认一次。,distillation/taiwan_mandarin_low_r/teacher_cosy_clear_best2_golden_daily_500_v1/audio/golden_daily_0246.wav,,
golden_daily_0247,daily,今天先简单一点就好，先把心情放松一点，我觉得这样就满好了。,distillation/taiwan_mandarin_low_r/teacher_cosy_clear_best2_golden_daily_500_v1/audio/golden_daily_0247.wav,,
golden_daily_0248,voice,欸，我刚到楼下，声音放轻一点会比较自然，这样手机上应该会比较稳。,distillation/taiwan_mandarin_low_r/teacher_cosy_clear_best2_golden_daily_500_v1/audio/golden_daily_0248.wav,,
golden_daily_0249,daily,我不是在催你，我觉得你已经做得很好了，你可以先跟我说没关系。,distillation/taiwan_mandarin_low_r/teacher_cosy_clear_best2_golden_daily_500_v1/audio/golden_daily_0249.wav,,
golden_daily_0250,daily,我刚刚有看到讯息，我们先确认最重要的那件事，这样比较像我们平常说话。,distillation/taiwan_mandarin_low_r/teacher_cosy_clear_best2_golden_daily_500_v1/audio/golden_daily_0250.wav,,
golden_daily_0251,daily,你慢慢说，不用马上回我，如果不舒服，我们就先停一下。,distillation/taiwan_mandarin_low_r/teacher_cosy_clear_best2_golden_daily_500_v1/audio/golden_daily_0251.wav,,
golden_daily_0252,daily,没关系啦，讲话清楚但不要太用力，你可以先跟我说没关系。,distillation/taiwan_mandarin_low_r/teacher_cosy_clear_best2_golden_daily_500_v1/audio/golden_daily_0252.wav,,
golden_daily_0253,daily,如果你愿意的话，我在这边等你，我在，不用担心。,distillation/taiwan_mandarin_low_r/teacher_cosy_clear_best2_golden_daily_500_v1/audio/golden_daily_0253.wav,,
golden_daily_0254,daily,我们晚一点再说，讲话清楚但不要太用力，如果不舒服，我们就先停一下。,distillation/taiwan_mandarin_low_r/teacher_cosy_clear_best2_golden_daily_500_v1/audio/golden_daily_0254.wav,,
golden_daily_0255,daily,你先不用急，我在这边等你，我觉得这样就满好了。,distillation/taiwan_mandarin_low_r/teacher_cosy_clear_best2_golden_daily_500_v1/audio/golden_daily_0255.wav,,
golden_daily_0256,daily,我刚刚有看到讯息，饮料我帮你买半糖少冰，不要急，我们慢慢来。,distillation/taiwan_mandarin_low_r/teacher_cosy_clear_best2_golden_daily_500_v1/audio/golden_daily_0256.wav,,
golden_daily_0257,daily,这件事我们不要想太复杂，像平常聊天那样就好，等一下再一起确认一次。,distillation/taiwan_mandarin_low_r/teacher_cosy_clear_best2_golden_daily_500_v1/audio/golden_daily_0257.wav,,
golden_daily_0258,daily,我等一下顺路过去，我想听你真实的想法，不用太甜，温柔一点就好。,distillation/taiwan_mandarin_low_r/teacher_cosy_clear_best2_golden_daily_500_v1/audio/golden_daily_0258.wav,,
golden_daily_0259,daily,这件事我们不要想太复杂，不用马上回我，如果不舒服，我们就先停一下。,distillation/taiwan_mandarin_low_r/teacher_cosy_clear_best2_golden_daily_500_v1/audio/golden_daily_0259.wav,,
golden_daily_0260,daily,我先把东西放好，你如果累了就先休息，我只是希望你轻松一点。,distillation/taiwan_mandarin_low_r/teacher_cosy_clear_best2_golden_daily_500_v1/audio/golden_daily_0260.wav,,
golden_daily_0261,daily,我想了一下，像平常聊天那样就好，如果不舒服，我们就先停一下。,distillation/taiwan_mandarin_low_r/teacher_cosy_clear_best2_golden_daily_500_v1/audio/golden_daily_0261.wav,,
golden_daily_0262,daily,我想了一下，不用马上回我，如果不舒服，我们就先停一下。,distillation/taiwan_mandarin_low_r/teacher_cosy_clear_best2_golden_daily_500_v1/audio/golden_daily_0262.wav,,
golden_daily_0263,daily,你先喝一点水，讲话清楚但不要太用力，你可以先跟我说没关系。,distillation/taiwan_mandarin_low_r/teacher_cosy_clear_best2_golden_daily_500_v1/audio/golden_daily_0263.wav,,
golden_daily_0264,daily,我不是在催你，你刚刚说的我有听到，如果不舒服，我们就先停一下。,distillation/taiwan_mandarin_low_r/teacher_cosy_clear_best2_golden_daily_500_v1/audio/golden_daily_0264.wav,,
golden_daily_0265,daily,你这样讲我懂，我想听你真实的想法，如果不舒服，我们就先停一下。,distillation/taiwan_mandarin_low_r/teacher_cosy_clear_best2_golden_daily_500_v1/audio/golden_daily_0265.wav,,
golden_daily_0266,daily,我不是在催你，这件事没有你想的那么糟，我觉得这样就满好了。,distillation/taiwan_mandarin_low_r/teacher_cosy_clear_best2_golden_daily_500_v1/audio/golden_daily_0266.wav,,
golden_daily_0267,daily,等一下我们再确认一次，这句话可以再讲清楚一点，不要急，我们慢慢来。,distillation/taiwan_mandarin_low_r/teacher_cosy_clear_best2_golden_daily_500_v1/audio/golden_daily_0267.wav,,
golden_daily_0268,daily,今天外面有点热，这句话可以再讲清楚一点，不要急，我们慢慢来。,distillation/taiwan_mandarin_low_r/teacher_cosy_clear_best2_golden_daily_500_v1/audio/golden_daily_0268.wav,,
golden_daily_0269,daily,如果你愿意的话，你慢慢来就好，如果不舒服，我们就先停一下。,distillation/taiwan_mandarin_low_r/teacher_cosy_clear_best2_golden_daily_500_v1/audio/golden_daily_0269.wav,,
golden_daily_0270,daily,我想了一下，不要一个人硬撑，不用太甜，温柔一点就好。,distillation/taiwan_mandarin_low_r/teacher_cosy_clear_best2_golden_daily_500_v1/audio/golden_daily_0270.wav,,
golden_daily_0271,daily,我先把东西放好，我们一步一步来，你可以先跟我说没关系。,distillation/taiwan_mandarin_low_r/teacher_cosy_clear_best2_golden_daily_500_v1/audio/golden_daily_0271.wav,,
golden_daily_0272,daily,我刚刚有看到讯息，我会陪你一起看，你想清楚以后再决定也可以。,distillation/taiwan_mandarin_low_r/teacher_cosy_clear_best2_golden_daily_500_v1/audio/golden_daily_0272.wav,,
golden_daily_0273,daily,今天先简单一点就好，像平常聊天那样就好，不要急，我们慢慢来。,distillation/taiwan_mandarin_low_r/teacher_cosy_clear_best2_golden_daily_500_v1/audio/golden_daily_0273.wav,,
golden_daily_0274,daily,等一下我们再确认一次，你如果累了就先休息，我在，不用担心。,distillation/taiwan_mandarin_low_r/teacher_cosy_clear_best2_golden_daily_500_v1/audio/golden_daily_0274.wav,,
golden_daily_0275,daily,我们晚一点再说，讲话清楚但不要太用力，你可以先跟我说没关系。,distillation/taiwan_mandarin_low_r/teacher_cosy_clear_best2_golden_daily_500_v1/audio/golden_daily_0275.wav,,
golden_daily_0276,daily,你等我一下，不要为了讨好别人委屈自己，不要急，我们慢慢来。,distillation/taiwan_mandarin_low_r/teacher_cosy_clear_best2_golden_daily_500_v1/audio/golden_daily_0276.wav,,
golden_daily_0277,daily,我等一下顺路过去，我会陪你一起看，这样手机上应该会比较稳。,distillation/taiwan_mandarin_low_r/teacher_cosy_clear_best2_golden_daily_500_v1/audio/golden_daily_0277.wav,,
golden_daily_0278,daily,我不是在催你，讲话清楚但不要太用力，不用太甜，温柔一点就好。,distillation/taiwan_mandarin_low_r/teacher_cosy_clear_best2_golden_daily_500_v1/audio/golden_daily_0278.wav,,
golden_daily_0279,daily,欸，我刚到楼下，先不要急着证明自己，不用太甜，温柔一点就好。,distillation/taiwan_mandarin_low_r/teacher_cosy_clear_best2_golden_daily_500_v1/audio/golden_daily_0279.wav,,
golden_daily_0280,daily,我刚刚在开会，不要为了讨好别人委屈自己，不要急，我们慢慢来。,distillation/taiwan_mandarin_low_r/teacher_cosy_clear_best2_golden_daily_500_v1/audio/golden_daily_0280.wav,,
golden_daily_0281,daily,你先喝一点水，这句话可以再讲清楚一点，这样手机上应该会比较稳。,distillation/taiwan_mandarin_low_r/teacher_cosy_clear_best2_golden_daily_500_v1/audio/golden_daily_0281.wav,,
golden_daily_0282,voice,你先不用急，声音放轻一点会比较自然，我觉得这样就满好了。,distillation/taiwan_mandarin_low_r/teacher_cosy_clear_best2_golden_daily_500_v1/audio/golden_daily_0282.wav,,
golden_daily_0283,daily,欸，我刚到楼下，我们先确认最重要的那件事，我只是希望你轻松一点。,distillation/taiwan_mandarin_low_r/teacher_cosy_clear_best2_golden_daily_500_v1/audio/golden_daily_0283.wav,,
golden_daily_0284,voice,我觉得这样也可以，尾音软一点就很好听，这样手机上应该会比较稳。,distillation/taiwan_mandarin_low_r/teacher_cosy_clear_best2_golden_daily_500_v1/audio/golden_daily_0284.wav,,
golden_daily_0285,daily,欸，我刚到楼下，不要为了讨好别人委屈自己，你可以先跟我说没关系。,distillation/taiwan_mandarin_low_r/teacher_cosy_clear_best2_golden_daily_500_v1/audio/golden_daily_0285.wav,,
golden_daily_0286,voice,我刚刚有看到讯息，我想听你真实的想法，我觉得这个声音会比较耐听。,distillation/taiwan_mandarin_low_r/teacher_cosy_clear_best2_golden_daily_500_v1/audio/golden_daily_0286.wav,,
golden_daily_0287,daily,今天先简单一点就好，你慢慢来就好，这样手机上应该会比较稳。,distillation/taiwan_mandarin_low_r/teacher_cosy_clear_best2_golden_daily_500_v1/audio/golden_daily_0287.wav,,
golden_daily_0288,daily,今天先简单一点就好，像平常聊天那样就好，我们先做到自然，再来追求更像。,distillation/taiwan_mandarin_low_r/teacher_cosy_clear_best2_golden_daily_500_v1/audio/golden_daily_0288.wav,,
golden_daily_0289,daily,我刚刚在开会，不要为了讨好别人委屈自己，我觉得这样就满好了。,distillation/taiwan_mandarin_low_r/teacher_cosy_clear_best2_golden_daily_500_v1/audio/golden_daily_0289.wav,,
golden_daily_0290,daily,你等我一下，你如果累了就先休息，这样手机上应该会比较稳。,distillation/taiwan_mandarin_low_r/teacher_cosy_clear_best2_golden_daily_500_v1/audio/golden_daily_0290.wav,,
golden_daily_0291,daily,欸，我刚到楼下，你刚刚说的我有听到，这样比较像我们平常说话。,distillation/taiwan_mandarin_low_r/teacher_cosy_clear_best2_golden_daily_500_v1/audio/golden_daily_0291.wav,,
golden_daily_0292,daily,我不是在催你，我想听你真实的想法，不用太甜，温柔一点就好。,distillation/taiwan_mandarin_low_r/teacher_cosy_clear_best2_golden_daily_500_v1/audio/golden_daily_0292.wav,,
golden_daily_0293,voice,你等我一下，声音放轻一点会比较自然，我觉得这样就满好了。,distillation/taiwan_mandarin_low_r/teacher_cosy_clear_best2_golden_daily_500_v1/audio/golden_daily_0293.wav,,
golden_daily_0294,daily,你先不用急，像平常聊天那样就好，我在，不用担心。,distillation/taiwan_mandarin_low_r/teacher_cosy_clear_best2_golden_daily_500_v1/audio/golden_daily_0294.wav,,
golden_daily_0295,voice,我不是在催你，声音放轻一点会比较自然，这样比较像我们平常说话。,distillation/taiwan_mandarin_low_r/teacher_cosy_clear_best2_golden_daily_500_v1/audio/golden_daily_0295.wav,,
golden_daily_0296,daily,我先把东西放好，我们先确认最重要的那件事，这样手机上应该会比较稳。,distillation/taiwan_mandarin_low_r/teacher_cosy_clear_best2_golden_daily_500_v1/audio/golden_daily_0296.wav,,
golden_daily_0297,voice,今天外面有点热，饮料我帮你买半糖少冰，我觉得这个声音会比较耐听。,distillation/taiwan_mandarin_low_r/teacher_cosy_clear_best2_golden_daily_500_v1/audio/golden_daily_0297.wav,,
golden_daily_0298,daily,今天先简单一点就好，不要为了讨好别人委屈自己，我觉得这样就满好了。,distillation/taiwan_mandarin_low_r/teacher_cosy_clear_best2_golden_daily_500_v1/audio/golden_daily_0298.wav,,
golden_daily_0299,daily,你先不用急，讲话清楚但不要太用力，你可以先跟我说没关系。,distillation/taiwan_mandarin_low_r/teacher_cosy_clear_best2_golden_daily_500_v1/audio/golden_daily_0299.wav,,
golden_daily_0300,voice,我觉得这样也可以，尾音软一点就很好听，等一下再一起确认一次。,distillation/taiwan_mandarin_low_r/teacher_cosy_clear_best2_golden_daily_500_v1/audio/golden_daily_0300.wav,,
golden_daily_0301,daily,你先喝一点水，我想听你真实的想法，听起来会比较真实一点。,distillation/taiwan_mandarin_low_r/teacher_cosy_clear_best2_golden_daily_500_v1/audio/golden_daily_0301.wav,,
golden_daily_0302,daily,我先把东西放好，我们先确认最重要的那件事，这样比较像我们平常说话。,distillation/taiwan_mandarin_low_r/teacher_cosy_clear_best2_golden_daily_500_v1/audio/golden_daily_0302.wav,,
golden_daily_0303,voice,我们晚一点再说，声音放轻一点会比较自然，听起来会比较真实一点。,distillation/taiwan_mandarin_low_r/teacher_cosy_clear_best2_golden_daily_500_v1/audio/golden_daily_0303.wav,,
golden_daily_0304,daily,你这样讲我懂，晚餐我们吃简单一点，不要急，我们慢慢来。,distillation/taiwan_mandarin_low_r/teacher_cosy_clear_best2_golden_daily_500_v1/audio/golden_daily_0304.wav,,
golden_daily_0305,daily,你等我一下，我会陪你一起看，这样手机上应该会比较稳。,distillation/taiwan_mandarin_low_r/teacher_cosy_clear_best2_golden_daily_500_v1/audio/golden_daily_0305.wav,,
golden_daily_0306,daily,今天外面有点热，这件事没有你想的那么糟，等一下再一起确认一次。,distillation/taiwan_mandarin_low_r/teacher_cosy_clear_best2_golden_daily_500_v1/audio/golden_daily_0306.wav,,
golden_daily_0307,daily,没关系啦，我们先确认最重要的那件事，我在，不用担心。,distillation/taiwan_mandarin_low_r/teacher_cosy_clear_best2_golden_daily_500_v1/audio/golden_daily_0307.wav,,
golden_daily_0308,daily,你等我一下，不要讲得太像主播，你想清楚以后再决定也可以。,distillation/taiwan_mandarin_low_r/teacher_cosy_clear_best2_golden_daily_500_v1/audio/golden_daily_0308.wav,,
golden_daily_0309,daily,我们晚一点再说，这件事没有你想的那么糟，等一下再一起确认一次。,distillation/taiwan_mandarin_low_r/teacher_cosy_clear_best2_golden_daily_500_v1/audio/golden_daily_0309.wav,,
golden_daily_0310,daily,我等一下顺路过去，不用马上回我，你想清楚以后再决定也可以。,distillation/taiwan_mandarin_low_r/teacher_cosy_clear_best2_golden_daily_500_v1/audio/golden_daily_0310.wav,,
golden_daily_0311,daily,我不是在催你，不要为了讨好别人委屈自己，等一下再一起确认一次。,distillation/taiwan_mandarin_low_r/teacher_cosy_clear_best2_golden_daily_500_v1/audio/golden_daily_0311.wav,,
golden_daily_0312,voice,你这样讲我懂，尾音软一点就很好听，我不会觉得你很麻烦。,distillation/taiwan_mandarin_low_r/teacher_cosy_clear_best2_golden_daily_500_v1/audio/golden_daily_0312.wav,,
golden_daily_0313,voice,我觉得这样也可以，尾音软一点就很好听，不用太甜，温柔一点就好。,distillation/taiwan_mandarin_low_r/teacher_cosy_clear_best2_golden_daily_500_v1/audio/golden_daily_0313.wav,,
golden_daily_0314,daily,我不是在催你，我会陪你一起看，等一下再一起确认一次。,distillation/taiwan_mandarin_low_r/teacher_cosy_clear_best2_golden_daily_500_v1/audio/golden_daily_0314.wav,,
golden_daily_0315,daily,欸，我刚到楼下，先不要急着证明自己，如果不舒服，我们就先停一下。,distillation/taiwan_mandarin_low_r/teacher_cosy_clear_best2_golden_daily_500_v1/audio/golden_daily_0315.wav,,
golden_daily_0316,daily,今天先简单一点就好，这句话可以再讲清楚一点，我在，不用担心。,distillation/taiwan_mandarin_low_r/teacher_cosy_clear_best2_golden_daily_500_v1/audio/golden_daily_0316.wav,,
golden_daily_0317,voice,你这样讲我懂，声音放轻一点会比较自然，我只是希望你轻松一点。,distillation/taiwan_mandarin_low_r/teacher_cosy_clear_best2_golden_daily_500_v1/audio/golden_daily_0317.wav,,
golden_daily_0318,daily,这件事我们不要想太复杂，饮料我帮你买半糖少冰，我们先做到自然，再来追求更像。,distillation/taiwan_mandarin_low_r/teacher_cosy_clear_best2_golden_daily_500_v1/audio/golden_daily_0318.wav,,
golden_daily_0319,daily,我刚刚在开会，不用马上回我，我觉得这样就满好了。,distillation/taiwan_mandarin_low_r/teacher_cosy_clear_best2_golden_daily_500_v1/audio/golden_daily_0319.wav,,
golden_daily_0320,daily,我们晚一点再说，不用马上回我，不要急，我们慢慢来。,distillation/taiwan_mandarin_low_r/teacher_cosy_clear_best2_golden_daily_500_v1/audio/golden_daily_0320.wav,,
golden_daily_0321,daily,欸，我刚到楼下，你慢慢来就好，我在，不用担心。,distillation/taiwan_mandarin_low_r/teacher_cosy_clear_best2_golden_daily_500_v1/audio/golden_daily_0321.wav,,
golden_daily_0322,daily,欸，我刚到楼下，这件事没有你想的那么糟，不要急，我们慢慢来。,distillation/taiwan_mandarin_low_r/teacher_cosy_clear_best2_golden_daily_500_v1/audio/golden_daily_0322.wav,,
golden_daily_0323,daily,你等我一下，晚餐我们吃简单一点，我们先做到自然，再来追求更像。,distillation/taiwan_mandarin_low_r/teacher_cosy_clear_best2_golden_daily_500_v1/audio/golden_daily_0323.wav,,
golden_daily_0324,daily,我觉得这样也可以，我们一步一步来，听起来会比较真实一点。,distillation/taiwan_mandarin_low_r/teacher_cosy_clear_best2_golden_daily_500_v1/audio/golden_daily_0324.wav,,
golden_daily_0325,daily,你慢慢说，我会陪你一起看，我不会觉得你很麻烦。,distillation/taiwan_mandarin_low_r/teacher_cosy_clear_best2_golden_daily_500_v1/audio/golden_daily_0325.wav,,
golden_daily_0326,voice,欸，我刚到楼下，我们先确认最重要的那件事，我觉得这个声音会比较耐听。,distillation/taiwan_mandarin_low_r/teacher_cosy_clear_best2_golden_daily_500_v1/audio/golden_daily_0326.wav,,
golden_daily_0327,daily,欸，我刚到楼下，讲话清楚但不要太用力，听起来会比较真实一点。,distillation/taiwan_mandarin_low_r/teacher_cosy_clear_best2_golden_daily_500_v1/audio/golden_daily_0327.wav,,
golden_daily_0328,daily,我刚刚在开会，像平常聊天那样就好，听起来会比较真实一点。,distillation/taiwan_mandarin_low_r/teacher_cosy_clear_best2_golden_daily_500_v1/audio/golden_daily_0328.wav,,
golden_daily_0329,daily,我们晚一点再说，你慢慢来就好，你可以先跟我说没关系。,distillation/taiwan_mandarin_low_r/teacher_cosy_clear_best2_golden_daily_500_v1/audio/golden_daily_0329.wav,,
golden_daily_0330,daily,我想了一下，我们一步一步来，你想清楚以后再决定也可以。,distillation/taiwan_mandarin_low_r/teacher_cosy_clear_best2_golden_daily_500_v1/audio/golden_daily_0330.wav,,
golden_daily_0331,daily,今天外面有点热，讲话清楚但不要太用力，你可以先跟我说没关系。,distillation/taiwan_mandarin_low_r/teacher_cosy_clear_best2_golden_daily_500_v1/audio/golden_daily_0331.wav,,
golden_daily_0332,daily,你先不用急，我们先确认最重要的那件事，不要急，我们慢慢来。,distillation/taiwan_mandarin_low_r/teacher_cosy_clear_best2_golden_daily_500_v1/audio/golden_daily_0332.wav,,
golden_daily_0333,daily,我先把东西放好，这件事没有你想的那么糟，不用太甜，温柔一点就好。,distillation/taiwan_mandarin_low_r/teacher_cosy_clear_best2_golden_daily_500_v1/audio/golden_daily_0333.wav,,
golden_daily_0334,daily,我们晚一点再说，像平常聊天那样就好，我在，不用担心。,distillation/taiwan_mandarin_low_r/teacher_cosy_clear_best2_golden_daily_500_v1/audio/golden_daily_0334.wav,,
golden_daily_0335,voice,我先把东西放好，不用马上回我，我觉得这个声音会比较耐听。,distillation/taiwan_mandarin_low_r/teacher_cosy_clear_best2_golden_daily_500_v1/audio/golden_daily_0335.wav,,
golden_daily_0336,daily,你这样讲我懂，我会陪你一起看，等一下再一起确认一次。,distillation/taiwan_mandarin_low_r/teacher_cosy_clear_best2_golden_daily_500_v1/audio/golden_daily_0336.wav,,
golden_daily_0337,daily,我先把东西放好，不要讲得太像主播，等一下再一起确认一次。,distillation/taiwan_mandarin_low_r/teacher_cosy_clear_best2_golden_daily_500_v1/audio/golden_daily_0337.wav,,
golden_daily_0338,daily,我不是在催你，我们一步一步来，我觉得这样就满好了。,distillation/taiwan_mandarin_low_r/teacher_cosy_clear_best2_golden_daily_500_v1/audio/golden_daily_0338.wav,,
golden_daily_0339,daily,今天外面有点热，你慢慢来就好，你可以先跟我说没关系。,distillation/taiwan_mandarin_low_r/teacher_cosy_clear_best2_golden_daily_500_v1/audio/golden_daily_0339.wav,,
golden_daily_0340,daily,你慢慢说，这句话可以再讲清楚一点，我在，不用担心。,distillation/taiwan_mandarin_low_r/teacher_cosy_clear_best2_golden_daily_500_v1/audio/golden_daily_0340.wav,,
golden_daily_0341,daily,今天先简单一点就好，不要为了讨好别人委屈自己，我不会觉得你很麻烦。,distillation/taiwan_mandarin_low_r/teacher_cosy_clear_best2_golden_daily_500_v1/audio/golden_daily_0341.wav,,
golden_daily_0342,daily,你等我一下，你刚刚说的我有听到，我觉得这样就满好了。,distillation/taiwan_mandarin_low_r/teacher_cosy_clear_best2_golden_daily_500_v1/audio/golden_daily_0342.wav,,
golden_daily_0343,daily,我们晚一点再说，这件事没有你想的那么糟，听起来会比较真实一点。,distillation/taiwan_mandarin_low_r/teacher_cosy_clear_best2_golden_daily_500_v1/audio/golden_daily_0343.wav,,
golden_daily_0344,voice,没关系啦，这件事没有你想的那么糟，我觉得这个声音会比较耐听。,distillation/taiwan_mandarin_low_r/teacher_cosy_clear_best2_golden_daily_500_v1/audio/golden_daily_0344.wav,,
golden_daily_0345,daily,我等一下顺路过去，不要一个人硬撑，不用太甜，温柔一点就好。,distillation/taiwan_mandarin_low_r/teacher_cosy_clear_best2_golden_daily_500_v1/audio/golden_daily_0345.wav,,
golden_daily_0346,voice,你先喝一点水，声音放轻一点会比较自然，不用太甜，温柔一点就好。,distillation/taiwan_mandarin_low_r/teacher_cosy_clear_best2_golden_daily_500_v1/audio/golden_daily_0346.wav,,
golden_daily_0347,voice,你慢慢说，声音放轻一点会比较自然，你想清楚以后再决定也可以。,distillation/taiwan_mandarin_low_r/teacher_cosy_clear_best2_golden_daily_500_v1/audio/golden_daily_0347.wav,,
golden_daily_0348,daily,如果你愿意的话，不用马上回我，我只是希望你轻松一点。,distillation/taiwan_mandarin_low_r/teacher_cosy_clear_best2_golden_daily_500_v1/audio/golden_daily_0348.wav,,
golden_daily_0349,daily,你这样讲我懂，我们一步一步来，听起来会比较真实一点。,distillation/taiwan_mandarin_low_r/teacher_cosy_clear_best2_golden_daily_500_v1/audio/golden_daily_0349.wav,,
golden_daily_0350,daily,我刚刚在开会，我觉得你已经做得很好了，听起来会比较真实一点。,distillation/taiwan_mandarin_low_r/teacher_cosy_clear_best2_golden_daily_500_v1/audio/golden_daily_0350.wav,,
golden_daily_0351,voice,这件事我们不要想太复杂，尾音软一点就很好听，我不会觉得你很麻烦。,distillation/taiwan_mandarin_low_r/teacher_cosy_clear_best2_golden_daily_500_v1/audio/golden_daily_0351.wav,,
golden_daily_0352,daily,我们晚一点再说，我们一步一步来，不用太甜，温柔一点就好。,distillation/taiwan_mandarin_low_r/teacher_cosy_clear_best2_golden_daily_500_v1/audio/golden_daily_0352.wav,,
golden_daily_0353,daily,没关系啦，你如果累了就先休息，我只是希望你轻松一点。,distillation/taiwan_mandarin_low_r/teacher_cosy_clear_best2_golden_daily_500_v1/audio/golden_daily_0353.wav,,
golden_daily_0354,daily,我刚刚有看到讯息，我想听你真实的想法，你可以先跟我说没关系。,distillation/taiwan_mandarin_low_r/teacher_cosy_clear_best2_golden_daily_500_v1/audio/golden_daily_0354.wav,,
golden_daily_0355,daily,我不是在催你，讲话清楚但不要太用力，我觉得这样就满好了。,distillation/taiwan_mandarin_low_r/teacher_cosy_clear_best2_golden_daily_500_v1/audio/golden_daily_0355.wav,,
golden_daily_0356,daily,你先喝一点水，像平常聊天那样就好，我们先做到自然，再来追求更像。,distillation/taiwan_mandarin_low_r/teacher_cosy_clear_best2_golden_daily_500_v1/audio/golden_daily_0356.wav,,
golden_daily_0357,daily,这件事我们不要想太复杂，不用马上回我，等一下再一起确认一次。,distillation/taiwan_mandarin_low_r/teacher_cosy_clear_best2_golden_daily_500_v1/audio/golden_daily_0357.wav,,
golden_daily_0358,daily,我们晚一点再说，我在这边等你，我们先做到自然，再来追求更像。,distillation/taiwan_mandarin_low_r/teacher_cosy_clear_best2_golden_daily_500_v1/audio/golden_daily_0358.wav,,
golden_daily_0359,daily,这件事我们不要想太复杂，先不要急着证明自己，我不会觉得你很麻烦。,distillation/taiwan_mandarin_low_r/teacher_cosy_clear_best2_golden_daily_500_v1/audio/golden_daily_0359.wav,,
golden_daily_0360,daily,这件事我们不要想太复杂，我会陪你一起看，等一下再一起确认一次。,distillation/taiwan_mandarin_low_r/teacher_cosy_clear_best2_golden_daily_500_v1/audio/golden_daily_0360.wav,,
golden_daily_0361,daily,我等一下顺路过去，这件事没有你想的那么糟，你可以先跟我说没关系。,distillation/taiwan_mandarin_low_r/teacher_cosy_clear_best2_golden_daily_500_v1/audio/golden_daily_0361.wav,,
golden_daily_0362,voice,我刚刚在开会，卷舌不用太明显，等一下再一起确认一次。,distillation/taiwan_mandarin_low_r/teacher_cosy_clear_best2_golden_daily_500_v1/audio/golden_daily_0362.wav,,
golden_daily_0363,daily,你慢慢说，不要为了讨好别人委屈自己，我在，不用担心。,distillation/taiwan_mandarin_low_r/teacher_cosy_clear_best2_golden_daily_500_v1/audio/golden_daily_0363.wav,,
golden_daily_0364,daily,我们晚一点再说，我觉得你已经做得很好了，这样手机上应该会比较稳。,distillation/taiwan_mandarin_low_r/teacher_cosy_clear_best2_golden_daily_500_v1/audio/golden_daily_0364.wav,,
golden_daily_0365,daily,今天先简单一点就好，像平常聊天那样就好，等一下再一起确认一次。,distillation/taiwan_mandarin_low_r/teacher_cosy_clear_best2_golden_daily_500_v1/audio/golden_daily_0365.wav,,
golden_daily_0366,daily,我先把东西放好，饮料我帮你买半糖少冰，你想清楚以后再决定也可以。,distillation/taiwan_mandarin_low_r/teacher_cosy_clear_best2_golden_daily_500_v1/audio/golden_daily_0366.wav,,
golden_daily_0367,daily,我等一下顺路过去，我想听你真实的想法，你想清楚以后再决定也可以。,distillation/taiwan_mandarin_low_r/teacher_cosy_clear_best2_golden_daily_500_v1/audio/golden_daily_0367.wav,,
golden_daily_0368,daily,没关系啦，像平常聊天那样就好，听起来会比较真实一点。,distillation/taiwan_mandarin_low_r/teacher_cosy_clear_best2_golden_daily_500_v1/audio/golden_daily_0368.wav,,
golden_daily_0369,daily,这件事我们不要想太复杂，讲话清楚但不要太用力，这样手机上应该会比较稳。,distillation/taiwan_mandarin_low_r/teacher_cosy_clear_best2_golden_daily_500_v1/audio/golden_daily_0369.wav,,
golden_daily_0370,voice,你先喝一点水，你慢慢来就好，我觉得这个声音会比较耐听。,distillation/taiwan_mandarin_low_r/teacher_cosy_clear_best2_golden_daily_500_v1/audio/golden_daily_0370.wav,,
golden_daily_0371,daily,今天先简单一点就好，晚餐我们吃简单一点，等一下再一起确认一次。,distillation/taiwan_mandarin_low_r/teacher_cosy_clear_best2_golden_daily_500_v1/audio/golden_daily_0371.wav,,
golden_daily_0372,daily,你这样讲我懂，晚餐我们吃简单一点，我在，不用担心。,distillation/taiwan_mandarin_low_r/teacher_cosy_clear_best2_golden_daily_500_v1/audio/golden_daily_0372.wav,,
golden_daily_0373,daily,我们晚一点再说，这件事没有你想的那么糟，如果不舒服，我们就先停一下。,distillation/taiwan_mandarin_low_r/teacher_cosy_clear_best2_golden_daily_500_v1/audio/golden_daily_0373.wav,,
golden_daily_0374,daily,这件事我们不要想太复杂，像平常聊天那样就好，我觉得这样就满好了。,distillation/taiwan_mandarin_low_r/teacher_cosy_clear_best2_golden_daily_500_v1/audio/golden_daily_0374.wav,,
golden_daily_0375,daily,我刚刚在开会，我们一步一步来，我觉得这样就满好了。,distillation/taiwan_mandarin_low_r/teacher_cosy_clear_best2_golden_daily_500_v1/audio/golden_daily_0375.wav,,
golden_daily_0376,daily,我刚刚有看到讯息，这件事没有你想的那么糟，你想清楚以后再决定也可以。,distillation/taiwan_mandarin_low_r/teacher_cosy_clear_best2_golden_daily_500_v1/audio/golden_daily_0376.wav,,
golden_daily_0377,daily,我们晚一点再说，我们先确认最重要的那件事，如果不舒服，我们就先停一下。,distillation/taiwan_mandarin_low_r/teacher_cosy_clear_best2_golden_daily_500_v1/audio/golden_daily_0377.wav,,
golden_daily_0378,daily,你先喝一点水，这件事没有你想的那么糟，等一下再一起确认一次。,distillation/taiwan_mandarin_low_r/teacher_cosy_clear_best2_golden_daily_500_v1/audio/golden_daily_0378.wav,,
golden_daily_0379,voice,我先把东西放好，你慢慢来就好，我觉得这个声音会比较耐听。,distillation/taiwan_mandarin_low_r/teacher_cosy_clear_best2_golden_daily_500_v1/audio/golden_daily_0379.wav,,
golden_daily_0380,voice,我觉得这样也可以，这件事没有你想的那么糟，我觉得这个声音会比较耐听。,distillation/taiwan_mandarin_low_r/teacher_cosy_clear_best2_golden_daily_500_v1/audio/golden_daily_0380.wav,,
golden_daily_0381,voice,今天外面有点热，尾音软一点就很好听，我只是希望你轻松一点。,distillation/taiwan_mandarin_low_r/teacher_cosy_clear_best2_golden_daily_500_v1/audio/golden_daily_0381.wav,,
golden_daily_0382,daily,你慢慢说，你慢慢来就好，我在，不用担心。,distillation/taiwan_mandarin_low_r/teacher_cosy_clear_best2_golden_daily_500_v1/audio/golden_daily_0382.wav,,
golden_daily_0383,daily,这件事我们不要想太复杂，我会陪你一起看，如果不舒服，我们就先停一下。,distillation/taiwan_mandarin_low_r/teacher_cosy_clear_best2_golden_daily_500_v1/audio/golden_daily_0383.wav,,
golden_daily_0384,voice,欸，我刚到楼下，我在这边等你，我觉得这个声音会比较耐听。,distillation/taiwan_mandarin_low_r/teacher_cosy_clear_best2_golden_daily_500_v1/audio/golden_daily_0384.wav,,
golden_daily_0385,daily,没关系啦，我们一步一步来，你可以先跟我说没关系。,distillation/taiwan_mandarin_low_r/teacher_cosy_clear_best2_golden_daily_500_v1/audio/golden_daily_0385.wav,,
golden_daily_0386,daily,没关系啦，你如果累了就先休息，你想清楚以后再决定也可以。,distillation/taiwan_mandarin_low_r/teacher_cosy_clear_best2_golden_daily_500_v1/audio/golden_daily_0386.wav,,
golden_daily_0387,daily,你等我一下，先不要急着证明自己，我们先做到自然，再来追求更像。,distillation/taiwan_mandarin_low_r/teacher_cosy_clear_best2_golden_daily_500_v1/audio/golden_daily_0387.wav,,
golden_daily_0388,voice,今天先简单一点就好，声音放轻一点会比较自然，这样手机上应该会比较稳。,distillation/taiwan_mandarin_low_r/teacher_cosy_clear_best2_golden_daily_500_v1/audio/golden_daily_0388.wav,,
golden_daily_0389,daily,我等一下顺路过去，先不要急着证明自己，如果不舒服，我们就先停一下。,distillation/taiwan_mandarin_low_r/teacher_cosy_clear_best2_golden_daily_500_v1/audio/golden_daily_0389.wav,,
golden_daily_0390,daily,等一下我们再确认一次，我在这边等你，这样手机上应该会比较稳。,distillation/taiwan_mandarin_low_r/teacher_cosy_clear_best2_golden_daily_500_v1/audio/golden_daily_0390.wav,,
golden_daily_0391,daily,你等我一下，我们一步一步来，不要急，我们慢慢来。,distillation/taiwan_mandarin_low_r/teacher_cosy_clear_best2_golden_daily_500_v1/audio/golden_daily_0391.wav,,
golden_daily_0392,daily,这件事我们不要想太复杂，晚餐我们吃简单一点，我只是希望你轻松一点。,distillation/taiwan_mandarin_low_r/teacher_cosy_clear_best2_golden_daily_500_v1/audio/golden_daily_0392.wav,,
golden_daily_0393,voice,这件事我们不要想太复杂，声音放轻一点会比较自然，你想清楚以后再决定也可以。,distillation/taiwan_mandarin_low_r/teacher_cosy_clear_best2_golden_daily_500_v1/audio/golden_daily_0393.wav,,
golden_daily_0394,daily,我刚刚在开会，先把心情放松一点，这样手机上应该会比较稳。,distillation/taiwan_mandarin_low_r/teacher_cosy_clear_best2_golden_daily_500_v1/audio/golden_daily_0394.wav,,
golden_daily_0395,voice,我觉得这样也可以，卷舌不用太明显，我只是希望你轻松一点。,distillation/taiwan_mandarin_low_r/teacher_cosy_clear_best2_golden_daily_500_v1/audio/golden_daily_0395.wav,,
golden_daily_0396,daily,今天先简单一点就好，你慢慢来就好，等一下再一起确认一次。,distillation/taiwan_mandarin_low_r/teacher_cosy_clear_best2_golden_daily_500_v1/audio/golden_daily_0396.wav,,
golden_daily_0397,daily,等一下我们再确认一次，饮料我帮你买半糖少冰，听起来会比较真实一点。,distillation/taiwan_mandarin_low_r/teacher_cosy_clear_best2_golden_daily_500_v1/audio/golden_daily_0397.wav,,
golden_daily_0398,voice,我刚刚有看到讯息，卷舌不用太明显，不要急，我们慢慢来。,distillation/taiwan_mandarin_low_r/teacher_cosy_clear_best2_golden_daily_500_v1/audio/golden_daily_0398.wav,,
golden_daily_0399,voice,我不是在催你，晚餐我们吃简单一点，我觉得这个声音会比较耐听。,distillation/taiwan_mandarin_low_r/teacher_cosy_clear_best2_golden_daily_500_v1/audio/golden_daily_0399.wav,,
golden_daily_0400,daily,我先把东西放好，我在这边等你，我觉得这样就满好了。,distillation/taiwan_mandarin_low_r/teacher_cosy_clear_best2_golden_daily_500_v1/audio/golden_daily_0400.wav,,
golden_daily_0401,daily,欸，我刚到楼下，我在这边等你，不要急，我们慢慢来。,distillation/taiwan_mandarin_low_r/teacher_cosy_clear_best2_golden_daily_500_v1/audio/golden_daily_0401.wav,,
golden_daily_0402,daily,我先把东西放好，不要一个人硬撑，我们先做到自然，再来追求更像。,distillation/taiwan_mandarin_low_r/teacher_cosy_clear_best2_golden_daily_500_v1/audio/golden_daily_0402.wav,,
golden_daily_0403,daily,我不是在催你，我想听你真实的想法，如果不舒服，我们就先停一下。,distillation/taiwan_mandarin_low_r/teacher_cosy_clear_best2_golden_daily_500_v1/audio/golden_daily_0403.wav,,
golden_daily_0404,daily,我们晚一点再说，这句话可以再讲清楚一点，你可以先跟我说没关系。,distillation/taiwan_mandarin_low_r/teacher_cosy_clear_best2_golden_daily_500_v1/audio/golden_daily_0404.wav,,
golden_daily_0405,daily,没关系啦，我们一步一步来，我不会觉得你很麻烦。,distillation/taiwan_mandarin_low_r/teacher_cosy_clear_best2_golden_daily_500_v1/audio/golden_daily_0405.wav,,
golden_daily_0406,daily,你慢慢说，我们先确认最重要的那件事，不用太甜，温柔一点就好。,distillation/taiwan_mandarin_low_r/teacher_cosy_clear_best2_golden_daily_500_v1/audio/golden_daily_0406.wav,,
golden_daily_0407,daily,我刚刚有看到讯息，你如果累了就先休息，这样比较像我们平常说话。,distillation/taiwan_mandarin_low_r/teacher_cosy_clear_best2_golden_daily_500_v1/audio/golden_daily_0407.wav,,
golden_daily_0408,daily,欸，我刚到楼下，讲话清楚但不要太用力，如果不舒服，我们就先停一下。,distillation/taiwan_mandarin_low_r/teacher_cosy_clear_best2_golden_daily_500_v1/audio/golden_daily_0408.wav,,
golden_daily_0409,daily,你等我一下，像平常聊天那样就好，这样比较像我们平常说话。,distillation/taiwan_mandarin_low_r/teacher_cosy_clear_best2_golden_daily_500_v1/audio/golden_daily_0409.wav,,
golden_daily_0410,daily,今天外面有点热，像平常聊天那样就好，听起来会比较真实一点。,distillation/taiwan_mandarin_low_r/teacher_cosy_clear_best2_golden_daily_500_v1/audio/golden_daily_0410.wav,,
golden_daily_0411,daily,你等我一下，饮料我帮你买半糖少冰，等一下再一起确认一次。,distillation/taiwan_mandarin_low_r/teacher_cosy_clear_best2_golden_daily_500_v1/audio/golden_daily_0411.wav,,
golden_daily_0412,daily,你等我一下，我会陪你一起看，我们先做到自然，再来追求更像。,distillation/taiwan_mandarin_low_r/teacher_cosy_clear_best2_golden_daily_500_v1/audio/golden_daily_0412.wav,,
golden_daily_0413,daily,我觉得这样也可以，我想听你真实的想法，如果不舒服，我们就先停一下。,distillation/taiwan_mandarin_low_r/teacher_cosy_clear_best2_golden_daily_500_v1/audio/golden_daily_0413.wav,,
golden_daily_0414,voice,我先把东西放好，声音放轻一点会比较自然，不要急，我们慢慢来。,distillation/taiwan_mandarin_low_r/teacher_cosy_clear_best2_golden_daily_500_v1/audio/golden_daily_0414.wav,,
golden_daily_0415,daily,你先不用急，我想听你真实的想法，这样比较像我们平常说话。,distillation/taiwan_mandarin_low_r/teacher_cosy_clear_best2_golden_daily_500_v1/audio/golden_daily_0415.wav,,
golden_daily_0416,daily,我等一下顺路过去，不用马上回我，不要急，我们慢慢来。,distillation/taiwan_mandarin_low_r/teacher_cosy_clear_best2_golden_daily_500_v1/audio/golden_daily_0416.wav,,
golden_daily_0417,daily,我等一下顺路过去，讲话清楚但不要太用力，我们先做到自然，再来追求更像。,distillation/taiwan_mandarin_low_r/teacher_cosy_clear_best2_golden_daily_500_v1/audio/golden_daily_0417.wav,,
golden_daily_0418,voice,如果你愿意的话，卷舌不用太明显，如果不舒服，我们就先停一下。,distillation/taiwan_mandarin_low_r/teacher_cosy_clear_best2_golden_daily_500_v1/audio/golden_daily_0418.wav,,
golden_daily_0419,voice,我不是在催你，声音放轻一点会比较自然，这样手机上应该会比较稳。,distillation/taiwan_mandarin_low_r/teacher_cosy_clear_best2_golden_daily_500_v1/audio/golden_daily_0419.wav,,
golden_daily_0420,voice,今天先简单一点就好，声音放轻一点会比较自然，等一下再一起确认一次。,distillation/taiwan_mandarin_low_r/teacher_cosy_clear_best2_golden_daily_500_v1/audio/golden_daily_0420.wav,,
golden_daily_0421,voice,我不是在催你，卷舌不用太明显，你可以先跟我说没关系。,distillation/taiwan_mandarin_low_r/teacher_cosy_clear_best2_golden_daily_500_v1/audio/golden_daily_0421.wav,,
golden_daily_0422,daily,你先喝一点水，我会陪你一起看，你想清楚以后再决定也可以。,distillation/taiwan_mandarin_low_r/teacher_cosy_clear_best2_golden_daily_500_v1/audio/golden_daily_0422.wav,,
golden_daily_0423,daily,你先喝一点水，你刚刚说的我有听到，不要急，我们慢慢来。,distillation/taiwan_mandarin_low_r/teacher_cosy_clear_best2_golden_daily_500_v1/audio/golden_daily_0423.wav,,
golden_daily_0424,daily,没关系啦，晚餐我们吃简单一点，等一下再一起确认一次。,distillation/taiwan_mandarin_low_r/teacher_cosy_clear_best2_golden_daily_500_v1/audio/golden_daily_0424.wav,,
golden_daily_0425,daily,你等我一下，不要讲得太像主播，听起来会比较真实一点。,distillation/taiwan_mandarin_low_r/teacher_cosy_clear_best2_golden_daily_500_v1/audio/golden_daily_0425.wav,,
golden_daily_0426,daily,如果你愿意的话，我们一步一步来，不用太甜，温柔一点就好。,distillation/taiwan_mandarin_low_r/teacher_cosy_clear_best2_golden_daily_500_v1/audio/golden_daily_0426.wav,,
golden_daily_0427,daily,我刚刚在开会，像平常聊天那样就好，我不会觉得你很麻烦。,distillation/taiwan_mandarin_low_r/teacher_cosy_clear_best2_golden_daily_500_v1/audio/golden_daily_0427.wav,,
golden_daily_0428,daily,我等一下顺路过去，我觉得你已经做得很好了，等一下再一起确认一次。,distillation/taiwan_mandarin_low_r/teacher_cosy_clear_best2_golden_daily_500_v1/audio/golden_daily_0428.wav,,
golden_daily_0429,daily,我想了一下，先把心情放松一点，等一下再一起确认一次。,distillation/taiwan_mandarin_low_r/teacher_cosy_clear_best2_golden_daily_500_v1/audio/golden_daily_0429.wav,,
golden_daily_0430,daily,今天先简单一点就好，你慢慢来就好，如果不舒服，我们就先停一下。,distillation/taiwan_mandarin_low_r/teacher_cosy_clear_best2_golden_daily_500_v1/audio/golden_daily_0430.wav,,
golden_daily_0431,daily,我等一下顺路过去，你慢慢来就好，我们先做到自然，再来追求更像。,distillation/taiwan_mandarin_low_r/teacher_cosy_clear_best2_golden_daily_500_v1/audio/golden_daily_0431.wav,,
golden_daily_0432,daily,我先把东西放好，这句话可以再讲清楚一点，你想清楚以后再决定也可以。,distillation/taiwan_mandarin_low_r/teacher_cosy_clear_best2_golden_daily_500_v1/audio/golden_daily_0432.wav,,
golden_daily_0433,daily,今天先简单一点就好，你如果累了就先休息，不要急，我们慢慢来。,distillation/taiwan_mandarin_low_r/teacher_cosy_clear_best2_golden_daily_500_v1/audio/golden_daily_0433.wav,,
golden_daily_0434,daily,没关系啦，我觉得你已经做得很好了，我觉得这样就满好了。,distillation/taiwan_mandarin_low_r/teacher_cosy_clear_best2_golden_daily_500_v1/audio/golden_daily_0434.wav,,
golden_daily_0435,daily,我觉得这样也可以，先不要急着证明自己，我觉得这样就满好了。,distillation/taiwan_mandarin_low_r/teacher_cosy_clear_best2_golden_daily_500_v1/audio/golden_daily_0435.wav,,
golden_daily_0436,daily,你慢慢说，你刚刚说的我有听到，不要急，我们慢慢来。,distillation/taiwan_mandarin_low_r/teacher_cosy_clear_best2_golden_daily_500_v1/audio/golden_daily_0436.wav,,
golden_daily_0437,voice,欸，我刚到楼下，卷舌不用太明显，我们先做到自然，再来追求更像。,distillation/taiwan_mandarin_low_r/teacher_cosy_clear_best2_golden_daily_500_v1/audio/golden_daily_0437.wav,,
golden_daily_0438,voice,你这样讲我懂，尾音软一点就很好听，如果不舒服，我们就先停一下。,distillation/taiwan_mandarin_low_r/teacher_cosy_clear_best2_golden_daily_500_v1/audio/golden_daily_0438.wav,,
golden_daily_0439,daily,你先喝一点水，不要一个人硬撑，不用太甜，温柔一点就好。,distillation/taiwan_mandarin_low_r/teacher_cosy_clear_best2_golden_daily_500_v1/audio/golden_daily_0439.wav,,
golden_daily_0440,daily,我想了一下，先不要急着证明自己，我不会觉得你很麻烦。,distillation/taiwan_mandarin_low_r/teacher_cosy_clear_best2_golden_daily_500_v1/audio/golden_daily_0440.wav,,
golden_daily_0441,daily,这件事我们不要想太复杂，饮料我帮你买半糖少冰，这样手机上应该会比较稳。,distillation/taiwan_mandarin_low_r/teacher_cosy_clear_best2_golden_daily_500_v1/audio/golden_daily_0441.wav,,
golden_daily_0442,daily,我觉得这样也可以，不要为了讨好别人委屈自己，你可以先跟我说没关系。,distillation/taiwan_mandarin_low_r/teacher_cosy_clear_best2_golden_daily_500_v1/audio/golden_daily_0442.wav,,
golden_daily_0443,daily,如果你愿意的话，不用马上回我，我们先做到自然，再来追求更像。,distillation/taiwan_mandarin_low_r/teacher_cosy_clear_best2_golden_daily_500_v1/audio/golden_daily_0443.wav,,
golden_daily_0444,daily,我刚刚在开会，我会陪你一起看，这样比较像我们平常说话。,distillation/taiwan_mandarin_low_r/teacher_cosy_clear_best2_golden_daily_500_v1/audio/golden_daily_0444.wav,,
golden_daily_0445,daily,我觉得这样也可以，先把心情放松一点，我只是希望你轻松一点。,distillation/taiwan_mandarin_low_r/teacher_cosy_clear_best2_golden_daily_500_v1/audio/golden_daily_0445.wav,,
golden_daily_0446,daily,等一下我们再确认一次，我们一步一步来，我在，不用担心。,distillation/taiwan_mandarin_low_r/teacher_cosy_clear_best2_golden_daily_500_v1/audio/golden_daily_0446.wav,,
golden_daily_0447,daily,这件事我们不要想太复杂，你如果累了就先休息，你可以先跟我说没关系。,distillation/taiwan_mandarin_low_r/teacher_cosy_clear_best2_golden_daily_500_v1/audio/golden_daily_0447.wav,,
golden_daily_0448,daily,我等一下顺路过去，晚餐我们吃简单一点，这样比较像我们平常说话。,distillation/taiwan_mandarin_low_r/teacher_cosy_clear_best2_golden_daily_500_v1/audio/golden_daily_0448.wav,,
golden_daily_0449,voice,我等一下顺路过去，尾音软一点就很好听，我觉得这个声音会比较耐听。,distillation/taiwan_mandarin_low_r/teacher_cosy_clear_best2_golden_daily_500_v1/audio/golden_daily_0449.wav,,
golden_daily_0450,daily,我们晚一点再说，我会陪你一起看，你可以先跟我说没关系。,distillation/taiwan_mandarin_low_r/teacher_cosy_clear_best2_golden_daily_500_v1/audio/golden_daily_0450.wav,,
golden_daily_0451,daily,今天先简单一点就好，我们先确认最重要的那件事，听起来会比较真实一点。,distillation/taiwan_mandarin_low_r/teacher_cosy_clear_best2_golden_daily_500_v1/audio/golden_daily_0451.wav,,
golden_daily_0452,daily,你先不用急，我觉得你已经做得很好了，等一下再一起确认一次。,distillation/taiwan_mandarin_low_r/teacher_cosy_clear_best2_golden_daily_500_v1/audio/golden_daily_0452.wav,,
golden_daily_0453,daily,你这样讲我懂，不要一个人硬撑，如果不舒服，我们就先停一下。,distillation/taiwan_mandarin_low_r/teacher_cosy_clear_best2_golden_daily_500_v1/audio/golden_daily_0453.wav,,
golden_daily_0454,daily,今天外面有点热，饮料我帮你买半糖少冰，我不会觉得你很麻烦。,distillation/taiwan_mandarin_low_r/teacher_cosy_clear_best2_golden_daily_500_v1/audio/golden_daily_0454.wav,,
golden_daily_0455,daily,我想了一下，我想听你真实的想法，我不会觉得你很麻烦。,distillation/taiwan_mandarin_low_r/teacher_cosy_clear_best2_golden_daily_500_v1/audio/golden_daily_0455.wav,,
golden_daily_0456,daily,如果你愿意的话，先不要急着证明自己，这样比较像我们平常说话。,distillation/taiwan_mandarin_low_r/teacher_cosy_clear_best2_golden_daily_500_v1/audio/golden_daily_0456.wav,,
golden_daily_0457,daily,你这样讲我懂，先把心情放松一点，你想清楚以后再决定也可以。,distillation/taiwan_mandarin_low_r/teacher_cosy_clear_best2_golden_daily_500_v1/audio/golden_daily_0457.wav,,
golden_daily_0458,voice,我不是在催你，我想听你真实的想法，我觉得这个声音会比较耐听。,distillation/taiwan_mandarin_low_r/teacher_cosy_clear_best2_golden_daily_500_v1/audio/golden_daily_0458.wav,,
golden_daily_0459,daily,今天外面有点热，我想听你真实的想法，如果不舒服，我们就先停一下。,distillation/taiwan_mandarin_low_r/teacher_cosy_clear_best2_golden_daily_500_v1/audio/golden_daily_0459.wav,,
golden_daily_0460,daily,等一下我们再确认一次，不要为了讨好别人委屈自己，这样手机上应该会比较稳。,distillation/taiwan_mandarin_low_r/teacher_cosy_clear_best2_golden_daily_500_v1/audio/golden_daily_0460.wav,,
golden_daily_0461,daily,这件事我们不要想太复杂，你慢慢来就好，不用太甜，温柔一点就好。,distillation/taiwan_mandarin_low_r/teacher_cosy_clear_best2_golden_daily_500_v1/audio/golden_daily_0461.wav,,
golden_daily_0462,voice,我想了一下，卷舌不用太明显，这样手机上应该会比较稳。,distillation/taiwan_mandarin_low_r/teacher_cosy_clear_best2_golden_daily_500_v1/audio/golden_daily_0462.wav,,
golden_daily_0463,voice,等一下我们再确认一次，声音放轻一点会比较自然，我觉得这样就满好了。,distillation/taiwan_mandarin_low_r/teacher_cosy_clear_best2_golden_daily_500_v1/audio/golden_daily_0463.wav,,
golden_daily_0464,voice,如果你愿意的话，声音放轻一点会比较自然，不用太甜，温柔一点就好。,distillation/taiwan_mandarin_low_r/teacher_cosy_clear_best2_golden_daily_500_v1/audio/golden_daily_0464.wav,,
golden_daily_0465,voice,没关系啦，卷舌不用太明显，等一下再一起确认一次。,distillation/taiwan_mandarin_low_r/teacher_cosy_clear_best2_golden_daily_500_v1/audio/golden_daily_0465.wav,,
golden_daily_0466,daily,你慢慢说，我会陪你一起看，等一下再一起确认一次。,distillation/taiwan_mandarin_low_r/teacher_cosy_clear_best2_golden_daily_500_v1/audio/golden_daily_0466.wav,,
golden_daily_0467,daily,我们晚一点再说，不要一个人硬撑，我在，不用担心。,distillation/taiwan_mandarin_low_r/teacher_cosy_clear_best2_golden_daily_500_v1/audio/golden_daily_0467.wav,,
golden_daily_0468,daily,我刚刚有看到讯息，先不要急着证明自己，我们先做到自然，再来追求更像。,distillation/taiwan_mandarin_low_r/teacher_cosy_clear_best2_golden_daily_500_v1/audio/golden_daily_0468.wav,,
golden_daily_0469,daily,你这样讲我懂，晚餐我们吃简单一点，我不会觉得你很麻烦。,distillation/taiwan_mandarin_low_r/teacher_cosy_clear_best2_golden_daily_500_v1/audio/golden_daily_0469.wav,,
golden_daily_0470,daily,你慢慢说，像平常聊天那样就好，如果不舒服，我们就先停一下。,distillation/taiwan_mandarin_low_r/teacher_cosy_clear_best2_golden_daily_500_v1/audio/golden_daily_0470.wav,,
golden_daily_0471,daily,今天先简单一点就好，晚餐我们吃简单一点，不用太甜，温柔一点就好。,distillation/taiwan_mandarin_low_r/teacher_cosy_clear_best2_golden_daily_500_v1/audio/golden_daily_0471.wav,,
golden_daily_0472,daily,我刚刚在开会，先把心情放松一点，如果不舒服，我们就先停一下。,distillation/taiwan_mandarin_low_r/teacher_cosy_clear_best2_golden_daily_500_v1/audio/golden_daily_0472.wav,,
golden_daily_0473,daily,你先喝一点水，你慢慢来就好，不要急，我们慢慢来。,distillation/taiwan_mandarin_low_r/teacher_cosy_clear_best2_golden_daily_500_v1/audio/golden_daily_0473.wav,,
golden_daily_0474,voice,你这样讲我懂，尾音软一点就很好听，等一下再一起确认一次。,distillation/taiwan_mandarin_low_r/teacher_cosy_clear_best2_golden_daily_500_v1/audio/golden_daily_0474.wav,,
golden_daily_0475,daily,今天先简单一点就好，不要一个人硬撑，听起来会比较真实一点。,distillation/taiwan_mandarin_low_r/teacher_cosy_clear_best2_golden_daily_500_v1/audio/golden_daily_0475.wav,,
golden_daily_0476,voice,今天外面有点热，我会陪你一起看，我觉得这个声音会比较耐听。,distillation/taiwan_mandarin_low_r/teacher_cosy_clear_best2_golden_daily_500_v1/audio/golden_daily_0476.wav,,
golden_daily_0477,daily,我刚刚有看到讯息，我会陪你一起看，如果不舒服，我们就先停一下。,distillation/taiwan_mandarin_low_r/teacher_cosy_clear_best2_golden_daily_500_v1/audio/golden_daily_0477.wav,,
golden_daily_0478,daily,我觉得这样也可以，我在这边等你，如果不舒服，我们就先停一下。,distillation/taiwan_mandarin_low_r/teacher_cosy_clear_best2_golden_daily_500_v1/audio/golden_daily_0478.wav,,
golden_daily_0479,daily,你慢慢说，先不要急着证明自己，你可以先跟我说没关系。,distillation/taiwan_mandarin_low_r/teacher_cosy_clear_best2_golden_daily_500_v1/audio/golden_daily_0479.wav,,
golden_daily_0480,daily,我等一下顺路过去，不要为了讨好别人委屈自己，你想清楚以后再决定也可以。,distillation/taiwan_mandarin_low_r/teacher_cosy_clear_best2_golden_daily_500_v1/audio/golden_daily_0480.wav,,
golden_daily_0481,daily,我觉得这样也可以，你刚刚说的我有听到，不用太甜，温柔一点就好。,distillation/taiwan_mandarin_low_r/teacher_cosy_clear_best2_golden_daily_500_v1/audio/golden_daily_0481.wav,,
golden_daily_0482,daily,欸，我刚到楼下，我想听你真实的想法，我只是希望你轻松一点。,distillation/taiwan_mandarin_low_r/teacher_cosy_clear_best2_golden_daily_500_v1/audio/golden_daily_0482.wav,,
golden_daily_0483,daily,我刚刚有看到讯息，这句话可以再讲清楚一点，等一下再一起确认一次。,distillation/taiwan_mandarin_low_r/teacher_cosy_clear_best2_golden_daily_500_v1/audio/golden_daily_0483.wav,,
golden_daily_0484,daily,我想了一下，你慢慢来就好，我们先做到自然，再来追求更像。,distillation/taiwan_mandarin_low_r/teacher_cosy_clear_best2_golden_daily_500_v1/audio/golden_daily_0484.wav,,
golden_daily_0485,daily,我想了一下，晚餐我们吃简单一点，等一下再一起确认一次。,distillation/taiwan_mandarin_low_r/teacher_cosy_clear_best2_golden_daily_500_v1/audio/golden_daily_0485.wav,,
golden_daily_0486,daily,我先把东西放好，我们先确认最重要的那件事，如果不舒服，我们就先停一下。,distillation/taiwan_mandarin_low_r/teacher_cosy_clear_best2_golden_daily_500_v1/audio/golden_daily_0486.wav,,
golden_daily_0487,daily,我想了一下，我想听你真实的想法，我觉得这样就满好了。,distillation/taiwan_mandarin_low_r/teacher_cosy_clear_best2_golden_daily_500_v1/audio/golden_daily_0487.wav,,
golden_daily_0488,daily,你等我一下，不要为了讨好别人委屈自己，等一下再一起确认一次。,distillation/taiwan_mandarin_low_r/teacher_cosy_clear_best2_golden_daily_500_v1/audio/golden_daily_0488.wav,,
golden_daily_0489,daily,欸，我刚到楼下，我会陪你一起看，我不会觉得你很麻烦。,distillation/taiwan_mandarin_low_r/teacher_cosy_clear_best2_golden_daily_500_v1/audio/golden_daily_0489.wav,,
golden_daily_0490,daily,今天先简单一点就好，这句话可以再讲清楚一点，我只是希望你轻松一点。,distillation/taiwan_mandarin_low_r/teacher_cosy_clear_best2_golden_daily_500_v1/audio/golden_daily_0490.wav,,
golden_daily_0491,daily,今天先简单一点就好，不要一个人硬撑，这样手机上应该会比较稳。,distillation/taiwan_mandarin_low_r/teacher_cosy_clear_best2_golden_daily_500_v1/audio/golden_daily_0491.wav,,
golden_daily_0492,daily,我们晚一点再说，我们一步一步来，如果不舒服，我们就先停一下。,distillation/taiwan_mandarin_low_r/teacher_cosy_clear_best2_golden_daily_500_v1/audio/golden_daily_0492.wav,,
golden_daily_0493,daily,我刚刚有看到讯息，先把心情放松一点，你想清楚以后再决定也可以。,distillation/taiwan_mandarin_low_r/teacher_cosy_clear_best2_golden_daily_500_v1/audio/golden_daily_0493.wav,,
golden_daily_0494,daily,今天先简单一点就好，不用马上回我，听起来会比较真实一点。,distillation/taiwan_mandarin_low_r/teacher_cosy_clear_best2_golden_daily_500_v1/audio/golden_daily_0494.wav,,
golden_daily_0495,daily,你等我一下，不用马上回我，听起来会比较真实一点。,distillation/taiwan_mandarin_low_r/teacher_cosy_clear_best2_golden_daily_500_v1/audio/golden_daily_0495.wav,,
golden_daily_0496,voice,你先不用急，饮料我帮你买半糖少冰，我觉得这个声音会比较耐听。,distillation/taiwan_mandarin_low_r/teacher_cosy_clear_best2_golden_daily_500_v1/audio/golden_daily_0496.wav,,
golden_daily_0497,daily,我们晚一点再说，不要讲得太像主播，这样手机上应该会比较稳。,distillation/taiwan_mandarin_low_r/teacher_cosy_clear_best2_golden_daily_500_v1/audio/golden_daily_0497.wav,,
golden_daily_0498,daily,今天先简单一点就好，我在这边等你，如果不舒服，我们就先停一下。,distillation/taiwan_mandarin_low_r/teacher_cosy_clear_best2_golden_daily_500_v1/audio/golden_daily_0498.wav,,
golden_daily_0499,daily,如果你愿意的话，这句话可以再讲清楚一点，我觉得这样就满好了。,distillation/taiwan_mandarin_low_r/teacher_cosy_clear_best2_golden_daily_500_v1/audio/golden_daily_0499.wav,,
golden_daily_0500,daily,你先不用急，饮料我帮你买半糖少冰，不用太甜，温柔一点就好。,distillation/taiwan_mandarin_low_r/teacher_cosy_clear_best2_golden_daily_500_v1/audio/golden_daily_0500.wav,,
